id,authors,year,title,venue,tier,category,relevance,core,doi,url,rq,data,universe,freq,features,ml,signal,portfolio,benchmark,metrics,period,tcost,turnover,risk,result,contribution,limitation,not_solved,gap,extension,doi_status
ACM2023,"Avramov, D.; Cheng, S.; Metzker, L.",2023,Machine Learning vs. Economic Restrictions: Evidence from Stock Return Predictability,Management Science 69(5):2587-2619,T1b Finance/OR,ML strategies & implementability,5,True,10.1287/mnsc.2022.4449,https://pubsonline.informs.org/doi/abs/10.1287/mnsc.2022.4449,"Do deep-learning return signals survive economic restrictions such as excluding microcaps, distressed firms and high-volatility episodes, and trading costs?","US equities; ML models from the recent literature (neural networks, conditional autoencoder, IPCA, adversarial SDF) [verify full list]","US common stocks, with subsamples excluding microcaps and distressed firms",Monthly,Firm characteristics as in the replicated ML models,Deep learning / latent-factor ML models,Model-implied expected returns / pricing-kernel weights,Long-short and tangency portfolios implied by the models,Unrestricted ML portfolios versus restricted universes,"Returns, alphas, turnover, net returns",Out-of-sample US sample [verify dates],Reasonable trading costs applied; performance deteriorates because of high turnover and extreme positions,High; identified as the main source of cost drag,Universe restrictions act as economic filters,"ML profitability comes from difficult-to-arbitrage stocks and high limits-to-arbitrage states; excluding microcaps, distressed stocks or high-volatility episodes considerably attenuates it; costs erode it further.",Showed that headline ML alpha is concentrated where it is least implementable.,Diagnoses the problem; does not propose a combination method that is implementable by design.,How to build ML signal combinations whose value survives restrictions and costs.,Implementability of ML alpha,Use its restrictions as the default universe and report results both with and without them [inference].,DOI from publisher page/search; Crossref-confirmed
AHV2023,"Azevedo, V.; Hoegner, C.; Velikov, M.",2023,The Expected Returns on Machine-Learning Strategies,Working paper (SSRN 4702406); AFA programme,WP,ML strategies & implementability,5,True,,https://papers.ssrn.com/sol3/papers.cfm?abstract_id=4702406,"What are the expected returns of ML anomaly-combination strategies after costs, post-publication decay and the modern high-liquidity era?",US anomaly characteristics,US stocks,Monthly,Published anomaly characteristics,"Range from simple to sophisticated ML, including LSTM",ML combination of anomaly characteristics,"Long-short, value-weighted variants",Simple combinations; factor models,"Net returns, generalized net alpha",Includes post-decimalization era,Explicit effective-spread costs,Above 50% for profitable strategies,n/a,Sophisticated ML strategies earn net out-of-sample returns up to 1.42% per month; an LSTM combination has a six-factor generalized net alpha of 1.20% (t = 3.46).,Most direct evidence that some ML combinations remain profitable after costs and decay.,"Cost handling is ex post (evaluation), not inside learning [inference].",Cost-aware learning and state dependence.,Ex-post cost evaluation,Replicate as a benchmark column in the factorial design [inference].,Working paper (journal DOI not available/verified)
BHHH2023,"Blitz, D.; Hanauer, M.X.; Hoogteijling, T.; Howard, C.",2023,The Term Structure of Machine Learning Alpha,Journal of Financial Data Science 5(4) 5(4):40-65,T3 Practitioner,ML strategies & implementability,5,True,10.3905/jfds.2023.1.135,https://www.pm-research.com/content/iijjfds/5/4/40,"Does ML alpha survive costs, and does training on longer prediction horizons help?",US equities [verify],[verify],Monthly,Firm characteristics,"Common ML models (trees, neural networks) [verify]",Forecasts at 1-12 month horizons,Long-short portfolios with efficient trading rules,1-month-horizon models,Gross and net alpha,Full sample and 2004-2021 subperiod,Explicit,Much lower for long-horizon models,n/a,"Common ML models have high full-sample gross alphas but net performance near zero after 2004; training on longer horizons (3, 6, 12 months) and efficient trading rules yields significantly positive net returns.",Showed horizon choice is a first-order lever for net ML alpha.,"Horizon is fixed per model, not adapted to states or signals.",Signal-specific and state-specific horizons.,Cost-aware horizon design,Let horizon/decay enter the combination explicitly [inference].,"Crossref match (title, author, year, journal)"
BLDP2014,"Bailey, D.H.; Lopez de Prado, M.",2014,"The Deflated Sharpe Ratio: Correcting for Selection Bias, Backtest Overfitting, and Non-Normality",Journal of Portfolio Management 40(5):94-107,T3 Practitioner,Statistical inference,5,True,10.3905/jpm.2014.40.5.094,https://jpm.pm-research.com/content/40/5/94.abstract,How to correct Sharpe ratios for multiple testing and non-normality?,n/a,n/a,n/a,n/a,n/a,n/a,n/a,n/a,Deflated Sharpe ratio,n/a,n/a,n/a,n/a,DSR corrects for selection bias under multiple testing and non-normal returns.,Standard correction for trial-count inflation.,Requires honest trial counts and correlation among trials.,n/a,Backtest integrity,Log every configuration to compute DSR [inference].,DOI from publisher page/search
CDS2020,"Collin-Dufresne, P.; Daniel, K.; Saglam, M.",2020,Liquidity Regimes and Optimal Dynamic Asset Allocation,Journal of Financial Economics 136(2):379-406,T1 General Finance,Factor timing & regimes,5,True,10.1016/j.jfineco.2019.09.011,https://www.sciencedirect.com/science/article/abs/pii/S0304405X19302302,"How should a costly trader allocate when expected returns, covariances and trading costs follow a regime-switching model?",Model with calibrated application [verify],Multi-asset,n/a,Regime states,n/a,Regime-weighted conditional mean-variance portfolios,Aim portfolio = weighted average of conditional MV portfolios across future states,Single-regime solution,Utility,n/a,Regime-dependent quadratic costs,"Trading speed higher in persistent, riskier and more liquid states",Mean-variance,Trading speed should vary with the regime; it can be optimal to overweight low-Sharpe assets that stay liquid in crises.,Theoretical case for state-dependent combination and trading speed under costs.,Regimes and parameters assumed known; low-dimensional.,"Empirical, high-dimensional, learned version for stock-level signals.",Theory without large-scale empirical test,Test its predictions (state-dependent trading speed) in an ML signal-combination setting [inference].,"Crossref match (title, author, year, journal)"
CHK2024,"Chen, M.; Hanauer, M.X.; Kalsbach, T.",2024,"Design Choices, Machine Learning, and the Cross-Section of Stock Returns",Working paper (SSRN 5031755),WP,ML strategies & implementability,5,True,,https://ssrn.com/abstract=5031755,How much do researcher design choices change ML-based return-prediction portfolios?,US equities with anomaly inputs,"US stocks, with/without microcaps",Monthly,Anomaly characteristics; with/without compression; pre-publication-only variants,"Multiple ML models across 1,056 design combinations",Varies by design,Top-minus-bottom portfolios,Across-design distribution,Mean top-minus-bottom returns; non-standard errors,[verify],[verify],[verify],n/a,"Seven design choices (model, target, target transformation, pre-publication inputs, feature compression, rolling vs expanding window, microcaps) generate monthly top-minus-bottom returns from 0.13% to 1.98%; the non-standard error exceeds the standard error by 59%.",Quantified non-standard errors in ML asset-pricing research.,Documents dispersion; not a combination method.,Which choices create net-of-cost value and why.,Methodological robustness standard,Adopt multiverse reporting for our design [inference].,Working paper (journal DOI not available/verified)
CV2023,"Chen, A.Y.; Velikov, M.",2023,Zeroing In on the Expected Returns of Anomalies,Journal of Financial and Quantitative Analysis 58(3):968-1004,T1b Finance/OR,TC & implementability,5,True,10.1017/s0022109022000874,https://www.cambridge.org/core/journals/journal-of-financial-and-quantitative-analysis,"What is the expected return of anomaly strategies net of spreads, post-publication decay and modern trading technology?",204 anomalies; effective bid-ask spreads,US stocks,Monthly,n/a,n/a,Individual anomalies and combinations,Long-short with cost mitigation,Gross returns,Net expected returns,Includes post-2000s era,Effective bid-ask spreads (high- and low-frequency estimates),Cost mitigation applied,n/a,"Net of these effects, the average anomaly earns about 4 bps per month; cost mitigation works pre-publication but net returns are tiny afterward.",Calibrates realistic expectations for signal-level alpha.,Mostly single anomalies.,Whether combination/netting rescues the value.,Signal-level alpha is small after costs,Use its spread data and horizon to set the cost baseline [inference].,"Crossref match (title, author, year, journal)"
CZ2022,"Chen, A.Y.; Zimmermann, T.",2022,Open Source Cross-Sectional Asset Pricing,Critical Finance Review 11(2):207-264,T2 Quant/Field,Data & measurement,5,True,10.1561/104.00000112,https://www.openassetpricing.com/,Can the cross-sectional predictor literature be reproduced with open code and data?,319 characteristics in the paper; website provides 209 firm-level signals (212 incl. 3 CRSP-based) through Dec 2024,US stocks,Monthly (daily portfolio returns also available),Published predictors,n/a,n/a,Original-paper long-short portfolios,Original t-statistics,Reproduced t-statistics,Varies by signal,Not part of the paper [verify],n/a,n/a,98% of clearly significant predictors reproduce with t > 1.96; slope of reproduced on original t-stats is 0.88 with R2 of 82%.,Open signal library usable as the backbone of a signal-combination study.,Some inputs require CRSP/Compustat/IBES licences.,n/a,Data infrastructure,Primary open signal source [inference].,"Crossref match (title, author, year, journal)"
DMNU2020,"DeMiguel, V.; Martin-Utrera, A.; Nogales, F.J.; Uppal, R.",2020,A Transaction-Cost Perspective on the Multitude of Firm Characteristics,Review of Financial Studies 33(5):2180-2222,T1 General Finance,Portfolio construction,5,True,10.1093/rfs/hhz085,https://academic.oup.com/rfs/article-abstract/33/5/2180/5821387,How do transaction costs change the number of characteristics that matter jointly for an investor's optimal portfolio?,US equities with a large set of firm characteristics [verify count and dates],US common stocks,Monthly,Firm characteristics,Parametric portfolio policy (linear in characteristics) with regularisation,Characteristic weights estimated by maximising investor utility net of costs,Parametric portfolio policy with transaction costs,Policies ignoring costs; subsets of characteristics,Significance of characteristics; out-of-sample utility / Sharpe net of costs,[verify],"Explicit, inside the objective",Endogenous,Utility-based,"Transaction costs increase the number of jointly significant characteristics from 6 to 15, because trades implied by different characteristics partly cancel out (netting).",Showed that combining many signals is valuable precisely because of trade netting under costs.,Linear policy; static weights.,Nonlinear and state-dependent combinations under costs.,Linear/static cost-aware combination only,Measure netting benefits explicitly for nonlinear and conditional combinations [inference].,DOI from publisher page/search; Crossref-confirmed
DMU2024,"DeMiguel, V.; Martin-Utrera, A.; Uppal, R.",2024,A Multifactor Perspective on Volatility-Managed Portfolios,Journal of Finance 79:3859-3891,T1 General Finance,Factor timing & regimes,5,True,10.1111/jofi.13395,https://onlinelibrary.wiley.com/doi/full/10.1111/jofi.13395,Can conditioning factor weights on volatility add value out of sample and net of costs in a multifactor setting?,US factor portfolios; replication package on Mendeley Data,Factor portfolios,Monthly,Factor volatilities,n/a,Conditional multifactor weights,Conditional multifactor portfolio,Unconditional multifactor and single-factor volatility-managed portfolios,Out-of-sample Sharpe net of costs,[verify],Explicit,Explicit,Mean-variance,"Single-factor volatility management does not survive costs, but a conditional multifactor portfolio outperforms its unconditional counterpart out of sample and net of costs; factor risk prices generally fall with market volatility.",Evidence that state-conditional combination can survive costs when done jointly across factors.,Low-dimensional factor set; one conditioning variable family.,"Stock-level, high-dimensional, nonlinear conditioning.",State conditioning in low dimension,Generalise conditioning to many states and signals at stock level [inference].,DOI from publisher page/search; Crossref-confirmed
GKX2020,"Gu, S.; Kelly, B.; Xiu, D.",2020,Empirical Asset Pricing via Machine Learning,Review of Financial Studies 33(5):2223-2273,T1 General Finance,ML asset pricing,5,True,10.1093/rfs/hhaa009,https://academic.oup.com/rfs/article/33/5/2223/5758276,"Which machine-learning methods best measure stock-level risk premia, and where do their gains come from?","CRSP/Compustat US equities, monthly, 1957-2016 (NBER w25398)","All US common stocks (roughly 30,000 over the sample) [verify exact filters]",Monthly,"94 firm characteristics, 74 industry dummies, 8 aggregate macro predictors and characteristic x macro interactions (920 covariates) [verify counts in full text]","OLS, OLS-3, PLS, PCR, elastic net, generalized linear model with group lasso, random forest, gradient-boosted trees, neural networks with 1-5 hidden layers",Implicit: one pooled panel model maps all characteristics to next-month excess return,Decile sorts on predicted returns (equal- and value-weighted long-short); market-timing exercise,"OLS with all covariates; OLS-3 (size, book-to-market, momentum)","Out-of-sample R2, Diebold-Mariano tests, variable importance, decile-spread returns and Sharpe ratios",Expanding training window with separate validation; out-of-sample test 1987-2016 [verify split],Not modelled in the headline portfolio results [inference from design; verify appendix],Not a design objective,None beyond sorting,"Trees and neural networks perform best; gains come from nonlinear predictor interactions; price trends, liquidity and volatility are the dominant predictors.",Set the standard comparative design for ML in cross-sectional return prediction.,"Gross-of-cost sort portfolios; predictions evaluated by statistical loss, not the investor objective; static mapping over time except via macro interactions.","Whether the predictive gains survive trading costs, implementable constraints and realistic capacity.",Prediction-to-portfolio gap; cost-agnostic evaluation,"Re-run the same model classes inside one cost-aware optimizer and attribute the net gain to nonlinearity, conditioning and objective [inference].","Crossref match (title, author, year, journal)"
GP2013,"Garleanu, N.; Pedersen, L.H.",2013,Dynamic Trading with Predictable Returns and Transaction Costs,Journal of Finance 68(6):2309-2340,T1 General Finance,Portfolio construction,5,True,10.1111/jofi.12080,https://onlinelibrary.wiley.com/doi/abs/10.1111/jofi.12080,What is the optimal dynamic portfolio when returns are predictable by signals with different decay speeds and trading is costly?,Commodity futures application [verify],Futures,Daily [verify],Return-predicting signals with different mean-reversion speeds,n/a,Signals weighted by their persistence: slower signals get more weight in the aim portfolio,Closed-form: trade partially toward an aim portfolio that is itself a weighted average of current and expected future Markowitz portfolios,Myopic / static strategies,"Net utility, Sharpe",[verify],"Quadratic costs, proportional to risk",Endogenous (partial adjustment),Mean-variance,Two principles: aim in front of the target and trade partially toward it.,Theory of how signal decay and costs jointly determine the combination and trading speed.,"Linear signals, known dynamics, quadratic costs.",Learning signal decay and nonlinear signal interactions from data.,Known-parameter theory,Estimate signal-specific decay with ML and embed in the aim portfolio [inference].,DOI from publisher page/search; Crossref-confirmed
JKMP2026,"Jensen, T.I.; Kelly, B.; Malamud, S.; Pedersen, L.H.",2026,Machine Learning and the Implementable Efficient Frontier,Review of Financial Studies (published online 2026),T1 General Finance,ML strategies & implementability,5,True,10.1093/rfs/hhag022,https://github.com/theisij/ml-and-the-implementable-efficient-frontier,How should ML be used so that portfolios deliver the best risk-return trade-off net of trading costs?,"JKP global characteristics dataset (US monthly characteristics, daily and monthly returns); WRDS access required (code README)",US stocks,Monthly characteristics; daily returns for risk estimation,"JKP firm characteristics (about 150, clustered into 13 themes)",Ridge-type regressions on random Fourier features; separate models for returns at horizons t+1..t+12 (code README),Learned jointly with the portfolio objective in Portfolio-ML; prediction-first in Markowitz-ML / Static-ML,"Trading-cost-aware optimisation; methods compared: Portfolio-ML, Static-ML, Static-ML*, Markowitz-ML, portfolio sorts","Markowitz-ML, portfolio sort, 1/N, market [verify full list]","Implementable efficient frontier (net return per unit of risk), net Sharpe ratio, utility, economic feature importance",US out-of-sample period [verify dates],Explicit trading-cost model entering the optimisation (price impact increasing in trade size relative to liquidity) [verify calibration],Controlled endogenously through the cost-aware objective,Covariance estimate inside the mean-variance utility,"After costs, Markowitz-ML and sorts have downward-bending frontiers; Static-ML earns positive net Sharpe but negative utility unless tuned; Portfolio-ML, which learns weights under an economic objective, works best out of sample.",Moved ML evaluation from gross prediction to the implementable frontier; introduced economic feature importance.,[inference] The paper's focus is the cost-aware objective; explicit state- or regime-dependence of signal weights and forecast uncertainty are not its central questions (verify in full text).,[inference] How much of the net gain comes from nonlinearity versus conditioning versus the objective; whether conditioning on market states adds value once costs are internalised.,Closest prior art for any cost-aware ML combination claim,Use Portfolio-ML as the strongest benchmark and nest it inside a factorial decomposition [inference].,DOI from publisher page/search; Crossref-confirmed
JKP2023,"Jensen, T.I.; Kelly, B.; Pedersen, L.H.",2023,Is There a Replication Crisis in Finance?,Journal of Finance 78(5):2465-2518,T1 General Finance,Replication & multiple testing,5,True,10.1111/jofi.13249,https://onlinelibrary.wiley.com/doi/full/10.1111/jofi.13249,"Do published factors replicate, and how should multiple testing be handled?","153 factors, 93 countries (jkpfactors.com; CC BY-NC 4.0; updated through Dec 2025)",Global,Monthly,153 characteristics in 13 themes,Bayesian hierarchical model of factor alphas,Theme clusters,Factor portfolios; tangency portfolio,Frequentist multiple-testing corrections,"Replication rates, posterior alphas",Long global sample,Not central,n/a,n/a,"Most factors replicate, cluster into 13 themes (most in the tangency portfolio), work out of sample across 93 countries, and evidence is strengthened by the number of factors.","Global, documented signal dataset and a Bayesian view of the factor zoo.",Gross factor returns.,Implementable combination.,Data infrastructure,Theme-level attribution and international robustness [inference].,DOI from publisher page/search; Crossref-confirmed
LEW2015,"Lewellen, J.",2015,The Cross-section of Expected Stock Returns,Critical Finance Review 4(1):1-44,T2 Quant/Field,ML asset pricing,5,True,10.1561/104.00000024,https://www.nowpublishers.com/,How well do Fama-MacBeth combinations of many characteristics predict returns out of sample?,US equities [verify],"All stocks, excluding tiny stocks, large stocks",Monthly,Up to 15 firm characteristics [verify],Fama-MacBeth cross-sectional regressions with rolling slope averages,Linear combination with historically averaged slopes,Sorts on fitted expected returns,Individual characteristics,"Predictive slopes, return spreads",[verify],Not central,[verify],n/a,Fitted expected returns from rolling FM slopes have strong out-of-sample predictive power.,The canonical simple linear combination baseline.,Linear and static.,"Costs, nonlinearity.",Strong simple benchmark,Mandatory baseline in our benchmark set [inference].,"Crossref match (title, author, year, journal)"
LMNS2025,"Liao, Y.; Ma, X.; Neuhierl, A.; Schilling, L.",2025,The Uncertainty of Machine Learning Predictions in Asset Pricing,Working paper (arXiv 2503.00549),WP,ML asset pricing,5,True,,https://arxiv.org/abs/2503.00549,"How uncertain are neural-network expected-return forecasts, and does accounting for it improve portfolios?",Equity panel [verify],[verify],Monthly,Firm characteristics,Neural networks; closed-form and bootstrap standard errors,Forecast confidence intervals,Uncertainty-averse investment framework (shrinkage interpretation),Point-forecast portfolios,Out-of-sample performance,[verify],[verify],[verify],Uncertainty aversion,"NN return forecasts share the asymptotic distribution of classic nonparametric estimators, giving closed-form standard errors; using the intervals improves out-of-sample performance.",Formal inference for ML expected returns and its portfolio use.,Working paper; cost interaction not central [inference].,Interaction of uncertainty with trading costs and state dependence.,Close prior art (uncertainty),Use as the uncertainty cell and closest prior art for Concept 3 [inference].,Working paper (journal DOI not available/verified)
NMV2016,"Novy-Marx, R.; Velikov, M.",2016,A Taxonomy of Anomalies and Their Trading Costs,Review of Financial Studies 29(1):104-147,T1 General Finance,TC & implementability,5,True,10.1093/rfs/hhv063,https://academic.oup.com/rfs/article-abstract/29/1/104/1844518,Which anomalies survive trading costs and which mitigation techniques work?,US anomalies with effective spread estimates,US stocks,Monthly,n/a,n/a,Single anomalies; combinations discussed,Long-short with buy/hold spreads,Unmitigated strategies,"Net spreads, turnover, capacity",[verify],Effective bid-ask spreads,Taxonomy by turnover (<50% per month tends to survive),n/a,"Buy/hold spreads are the most effective mitigation; most anomalies with under 50% monthly turnover earn significant net spreads, few with higher turnover do; size, value and profitability strategies have the most capacity.",Standard reference for anomaly trading costs and mitigation.,"Rule-based mitigation, not optimisation.",Optimised cost-aware combination.,Heuristic mitigation,Buy/hold spread as a strong simple benchmark [inference].,DOI from publisher page/search; Crossref-confirmed
NRRZ2024,"Neuhierl, A.; Randl, O.; Reschenhofer, C.; Zechner, J.",2024,Timing the Factor Zoo,Working paper (SSRN 4376898); AFA/AEA conference programmes,WP,Factor timing & regimes,5,True,,https://papers.ssrn.com/sol3/papers.cfm?abstract_id=4376898,Can the returns of hundreds of equity factors be timed with a high-dimensional set of predictors?,300+ equity risk factors and a high-dimensional predictor set,US factor portfolios,Monthly,"Factor-specific and aggregate predictors (past factor returns, volatility, valuation, macro, etc.)",Partial least squares and other dimension-reduction/shrinkage methods,Timed factor weights,Timed multifactor portfolio,Untimed multifactor portfolio,"Predictive R2, factor portfolio returns",[verify],[verify treatment],[verify],[verify],"Almost all factor groups can be timed, most for profitability and value; past factor returns and volatility are the best single predictors but PLS aggregation dominates; timing raises the multifactor portfolio return by about 20%.",Most comprehensive evidence that factor (signal) efficacy is predictable over time.,Operates at the factor-portfolio level; stock-level netting and implementable costs are not the focus [inference].,Whether factor-timing information survives when combined at the stock level inside a cost-aware optimizer [inference].,"Factor-level, not stock-level implementation",Feed timing predictors as state variables into stock-level combination [inference].,Working paper (journal DOI not available/verified)
SWZ2023,"Simon, F.; Weibels, S.; Zimmermann, T.",2026,Deep Parametric Portfolio Policies,Management Science (2026; Crossref record) - earlier CFR Working Paper 23-01 / SSRN 4150292,T1b Finance/OR,End-to-end / decision-focused,5,True,10.1287/mnsc.2025.00721,https://papers.ssrn.com/sol3/papers.cfm?abstract_id=4150292,Do neural-network parametric portfolio policies beat linear policies?,US equities with firm characteristics [verify],US stocks,Monthly,Firm characteristics,Feed-forward neural networks mapping characteristics to weight tilts,Learned directly from utility,Deep parametric portfolio policy with weight/leverage constraints,Linear parametric portfolio policy,Certainty-equivalent returns,[verify],Incorporated; results robust after costs [verify whether costs enter training],[verify],Utility functions,"Network-based policies achieve 75-276 bps higher monthly certainty-equivalent returns than a comparable linear policy, robust to costs and short-sale restrictions.",Nonlinear generalisation of PPP under an economic objective.,Static mapping; state dependence and uncertainty not central [inference].,Decomposition of gains; state conditioning.,Close prior art (nonlinear economic-objective learning),Benchmark column; nonlinear-objective cell [inference].,DOI from publisher page/search; Crossref-confirmed
BS2022,"Barroso, P.; Saxena, K.",2022,Lest We Forget: Learn from Out-of-Sample Forecast Errors When Optimizing Portfolios,Review of Financial Studies 35(3):1222-1278,T1 General Finance,Portfolio construction,4,True,10.1093/rfs/hhab041,https://academic.oup.com/rfs/article-abstract/35/3/1222/6219970,"Are errors in historical forecasts of optimisation inputs predictable, and can learning from them improve portfolios?",Portfolio datasets; replication data on Harvard Dataverse,[verify],Monthly,Past forecast errors,Empirical-Bayes-style learning from forecast errors,n/a,Mean-variance with calibrated inputs,"Sample and shrinkage estimators, 1/N","Out-of-sample Sharpe, realised vs expected performance",[verify],[verify],[verify],Mean-variance,Forecast errors have predictable patterns; learning from them yields portfolios whose performance meets expectations.,Links forecast-error learning to optimiser robustness.,Low-dimensional asset sets.,Stock-level ML alpha uncertainty.,Uncertainty-aware inputs,Calibrate ML alpha scale by realised forecast errors [inference].,"Crossref match (title, author, year, journal)"
BSCV2009,"Brandt, M.W.; Santa-Clara, P.; Valkanov, R.",2009,Parametric Portfolio Policies: Exploiting Characteristics in the Cross-Section of Equity Returns,Review of Financial Studies 22(9):3411-3447,T1 General Finance,Portfolio construction,4,True,10.1093/rfs/hhp003,https://academic.oup.com/rfs/article-abstract/22/9/3411/1572695,Can portfolio weights be modelled directly as a function of stock characteristics instead of estimating return distributions?,US equities [verify dates],US common stocks,Monthly,"Size, book-to-market, momentum",Parametric (linear) weight function estimated by maximising average utility,Weights tilt linearly on standardized characteristics,Benchmark weights plus characteristic tilts,Market portfolio,"Certainty equivalent, Sharpe",[verify],Extension discussed [verify],Reported [verify],Utility (CRRA),Direct weight modelling scales to large cross-sections and delivers economically large gains.,Foundation of learning portfolio weights under an economic objective.,"Linear, few characteristics, static coefficients.","Nonlinearity, many signals, costs, state dependence.",Static linear policies,"Nonlinear/conditional PPP generalisations (see DMNU2020, SWZ2023, JKMP2026).",DOI from publisher page/search; Crossref-confirmed
CHSWZ2025,"Capponi, A.; Huang, C.; Sidaoui, J.A.; Wang, K.; Zou, J.",2025,The Nonstationarity-Complexity Tradeoff in Return Prediction,"Working paper (arXiv 2512.23596, revised 2026)",WP,ML asset pricing,4,True,,https://arxiv.org/abs/2512.23596,How should model complexity and training-window length be chosen jointly in non-stationary markets?,"US equity industry portfolios, three decades",Industry portfolios,[verify],[verify],Adaptive joint selection of complexity and window with guarantees,n/a,[verify],Fixed-window and regime-switching benchmarks,Out-of-sample R2,~30 years,n/a,n/a,n/a,"Adaptive selection improves out-of-sample R2 on industry portfolios by 14% relative to fixed-window and regime-switching benchmarks, with large gains in recessions.",Formalises the window/complexity trade-off.,Statistical loss; portfolio-level costs not studied [inference].,Economic value net of costs.,Nonstationarity,Treat window choice as a design factor [inference].,Working paper (journal DOI not available/verified)
CPZ2024,"Chen, L.; Pelger, M.; Zhu, J.",2024,Deep Learning in Asset Pricing,Management Science 70(2):714-750,T1b Finance/OR,ML asset pricing,4,True,10.1287/mnsc.2023.4695,https://pubsonline.informs.org/doi/10.1287/mnsc.2023.4695,"Can deep networks estimate a flexible, time-varying SDF for individual stocks using no-arbitrage as the criterion?",US stocks with firm characteristics and many macroeconomic time series,US stocks,Monthly,Firm characteristics; macro states extracted from many macro series [verify counts],Adversarial (GAN-style) networks; recurrent networks for macro states,SDF weights conditional on states,SDF portfolio,Linear and other ML SDF models,"SDF Sharpe, explained variation, pricing errors",[verify],Not central,[verify],n/a,"No-arbitrage criterion, adversarial test assets and macro states improve SDF estimation.",State-dependent deep SDF.,Implementability; ACM2023 show such portfolios suffer under restrictions.,Net-of-cost value of state conditioning.,State conditioning without costs,Macro-state extraction ideas for state variables [inference].,DOI from publisher page/search; Crossref-confirmed
FIM2018,"Frazzini, A.; Israel, R.; Moskowitz, T.J.",2018,Trading Costs,Working paper (SSRN 3229719),WP,TC & implementability,4,True,,https://papers.ssrn.com/sol3/papers.cfm?abstract_id=3229719,"What are actual institutional trading costs across trade types, stock characteristics, sizes, time and exchanges?","$1.7 trillion of live trade execution data from a large institutional manager, 21 developed markets, 19 years",Developed equity markets,Trade level,n/a,n/a,n/a,n/a,Prior cost estimates,Price impact / implementation shortfall,19-year sample,Measured directly,n/a,n/a,Actual trading costs are an order of magnitude smaller than previous studies suggest.,Best available calibration anchor for institutional price impact.,Single manager's execution; not public data.,n/a,Cost calibration uncertainty,Use as calibration range; run cost-multiplier sensitivity [inference].,Working paper (journal DOI not available/verified)
HKS2020,"Haddad, V.; Kozak, S.; Santosh, S.",2020,Factor Timing,Review of Financial Studies 33(5):1980-2018,T1 General Finance,Factor timing & regimes,4,True,10.1093/rfs/hhaa017,https://academic.oup.com/rfs/article-abstract/33/5/1980/5753962,"Are the dominant components of anomaly returns predictable, and what does that imply for the SDF?",US anomaly portfolios,Anomaly long-short portfolios,Monthly,Book-to-market ratios of principal-component portfolios,PCA + predictive regressions with shrinkage,Timed principal-component portfolios,Optimal factor-timing portfolio,Static factor investing,"Predictive R2, Sharpe",[verify],[verify],[verify],Mean-variance,Market-neutral factors are strongly and robustly predictable; timing substantially improves performance relative to static factor investing.,Shows the optimal timing portfolio equals the SDF; disciplined low-dimensional timing.,Factor-level; gross of stock-level implementation [inference].,Stock-level implementation of timed signals.,Factor-level timing,Use PC-valuation predictors as state variables [inference].,DOI from publisher page/search; Crossref-confirmed
LAL2025,"Lalwani, V.; Meshram, V.; Jindal, V.",2025,Empirical Asset Pricing via Machine Learning: The Role of Research Design Choices,European Financial Management 32(3):816-833,T2 Quant/Field,ML strategies & implementability,4,True,10.1111/eufm.70033,https://onlinelibrary.wiley.com/doi/10.1111/eufm.70033,"How do eight research design choices, including training window, data filters and portfolio construction, affect ML strategy profits?",Equity panel [verify market and dates],[verify],Monthly,Firm characteristics,Seven ML models,Model forecasts,"5,376 portfolios across design choices",Distribution across designs,"Returns, non-standard errors, net returns",[verify],Considered,[verify],n/a,Non-standard errors are up to five times the standard errors; about one-third of portfolios earn significant returns after costs.,Extends non-standard-error evidence to portfolio construction choices.,Not a new combination method.,Economic source of the dispersion.,Robustness standard,Multiverse robustness appendix [inference].,DOI from publisher page/search; Crossref-confirmed
MP2016,"McLean, R.D.; Pontiff, J.",2016,Does Academic Research Destroy Stock Return Predictability?,Journal of Finance 71(1):5-32,T1 General Finance,Replication & multiple testing,4,True,10.1111/jofi.12365,https://onlinelibrary.wiley.com/doi/abs/10.1111/jofi.12365,What happens to anomaly returns out of sample and after publication?,97 predictors,US stocks,Monthly,n/a,n/a,n/a,Long-short,In-sample returns,Return decay,Varies by predictor,n/a,n/a,n/a,Portfolio returns are 26% lower out of sample and 58% lower post-publication.,Documented signal decay after publication.,Single-signal level.,Decay-aware combination.,Signal decay,Publication-date-aware signal availability and decay features [inference].,DOI from publisher page/search; Crossref-confirmed
MPR2026,"Muller, S.; Preissler, F.",2026,In Good and in Bad Times? The Relation between Anomaly Returns and Market States,Journal of Banking & Finance 190:107746,T2 Quant/Field,Factor timing & regimes,4,True,10.1016/j.jbankfin.2026.107746,https://www.sciencedirect.com/science/article/pii/S0378426626001202,Do anomalies perform differently in good versus bad market states?,"57 countries, 1980-2019 (SSRN version)",International stocks,Monthly / daily [verify],Anomaly portfolios,n/a,n/a,Anomaly long-short,Good vs bad states,Four-factor alphas,1980-2019 [SSRN version],[verify],n/a,n/a,"Anomalies perform better in unfavourable market states, driven mostly by the short side (reported magnitudes differ between SSRN and journal versions; verify).",Global evidence of state-dependent anomaly efficacy.,Descriptive; no combination method.,Exploiting state dependence implementably.,State dependence of signals,Motivates state-conditional signal weights [inference].,Crossref match (online/issue year differs)
RSZ2010,"Rapach, D.E.; Strauss, J.K.; Zhou, G.",2010,Out-of-Sample Equity Premium Prediction: Combination Forecasts and Links to the Real Economy,Review of Financial Studies 23(2):821-862,T1 General Finance,Factor timing & regimes,4,True,10.1093/rfs/hhp063,https://academic.oup.com/rfs/article-abstract/23/2/821/1604687,Can combining individual predictive-regression forecasts beat the historical average out of sample?,US equity premium with Welch-Goyal predictors,Market index,Quarterly [verify],Economic predictors,"Forecast combination (mean, median, trimmed, discount-MSFE)",Forecast combination weights,Asset allocation utility gains,Historical average,"Out-of-sample R2, utility gains",[verify],n/a,n/a,Mean-variance investor,Combination forecasts deliver consistent out-of-sample gains because model uncertainty and instability impair individual models.,Classic evidence that simple combination dominates under instability.,Time-series market prediction only.,Cross-sectional signal combination.,Combination vs selection,Simple averaging as a benchmark for dynamic weights [inference].,DOI from publisher page/search; Crossref-confirmed
TH2021,"Tobek, O.; Hronec, M.",2021,Does It Pay to Follow Anomalies Research? Machine Learning Approach with International Evidence,Journal of Financial Markets 56:100588,T2 Quant/Field,ML strategies & implementability,4,True,10.1016/j.finmar.2020.100588,https://www.sciencedirect.com/science/article/abs/pii/S1386418120300574,Do ML aggregations of published anomalies earn out-of-sample returns globally?,"153 anomalies, global equities",US and international; liquid universe,Monthly,153 anomaly signals,ML aggregation into a single mispricing signal,ML-combined mispricing score,Long-short,Individual anomalies; regional evidence,Out-of-sample returns,[verify],Liquid universe,[verify],n/a,ML aggregation of all anomalies is profitable around the globe and survives in a liquid universe; non-US past performance does not help pick US winners.,International out-of-sample evidence for ML anomaly aggregation.,Cost treatment via universe rather than optimiser.,Cost-aware and state-aware combination.,Universe filters as cost proxy,International robustness template [inference].,"Crossref match (title, author, year, journal)"
WL2025,"Wang, Y.; Lera, S.C.",2025,Meta-Learning for Return Prediction in Shifting Market Regimes,Journal of Financial Markets 79:101042,T2 Quant/Field,ML asset pricing,4,True,10.1016/j.finmar.2025.101042,https://www.sciencedirect.com/science/article/abs/pii/S1386418125000825,Can a meta-learned prior-fitted network adapt return prediction to regime shifts?,Two major equity markets [verify],[verify],[verify],Firm characteristics [verify],FinPFN: finance-specific prior-data fitted network (meta-learning),In-context learning,[verify],State-of-the-art ML benchmarks,Predictive and portfolio metrics [verify],[verify],[verify],[verify],n/a,"Superior performance relative to ML benchmarks, especially in turbulent periods.",Brings meta-learning / in-context learning to regime-shifting return prediction.,Implementability not central [inference].,Net-of-cost value of adaptation.,Adaptation without costs,Adaptive cell in robustness [inference].,"Crossref match (title, author, year, journal)"
BLACKROCK2025,BlackRock Systematic,2025,Augmented Investment Management: A systematic framework for designing alpha models,"Industry white paper (BlackRock, Nov 2025; for professional investors)",Industry,Industry,3,True,,https://www.blackrock.com/gls-download/literature/whitepaper/augmented-investment-management.pdf,How can ML automate the combination of a large signal library into alpha forecasts for a portfolio optimizer?,"Proprietary signal library (~1,200 stock-selection signals by 2025 per Figure 1); 10-20 years of training data",Illustrations on developed-market / MSCI universes,Not specified,"Signals from financial statements, market indicators, news, analyst reports, alternative data","Regularised linear models, gradient boosting ensembles, neural networks, proprietary variants; large configuration search; cross-validation",Reframes signal weighting as forecasting excess returns (alpha forecasts),"Separate high-fidelity optimizer with transaction costs, borrow costs, fund constraints; parameters tuned to maximise a metric such as IR",Discretionary weighting (conceptually); baseline vs defensive model,Information ratio; illustrative backtests,Illustrative backtests 2008-2022,Inside the performance simulator and optimizer; details not disclosed,Not reported,Risk model in optimizer; neutralisation of risk factors optional,Qualitative framework; illustrative defensive model trained on resampled negative regimes had lower drawdowns but about a 20% performance haircut; Shapley-based attribution reveals a nonlinear volatility effect.,Documents an industrial predict-then-optimize ML pipeline with regime resampling and SHAP-style attribution.,"No out-of-sample statistical evidence, no cost-adjusted results, proprietary data; regime-awareness by resampling, not state-conditional weights; hyperparameter search inflates trial counts.","Whether ML combination adds value net of costs, which component creates it, and how to adapt to signal decay (listed by the authors as ongoing research: adaptive/online learning, domain adaptation).",Industry framework without inference,Our design makes each AIM component a testable factor [inference].,Industry white paper (no DOI)
CFMZ2023,"Cakici, N.; Fieberg, C.; Metko, D.; Zaremba, A.",2023,Machine Learning Goes Global: Cross-Sectional Return Predictability in International Stock Markets,Journal of Economic Dynamics and Control 155:104725,T2 Quant/Field,ML asset pricing,3,True,10.1016/j.jedc.2023.104725,https://www.sciencedirect.com/science/article/abs/pii/S0165188923001318,How does ML return predictability vary across 46 stock markets?,"46 countries, 148 firm characteristics",International stocks,Monthly,148 characteristics,Repertoire of ML models and their combination,Model combinations,Long-short,Individual models,"Returns, alphas",[verify],[verify],[verify],n/a,"Predictability comes mainly from momentum, reversal, value and size; combining models is particularly effective; performance depends on firm size, recency of information, market breadth and idiosyncratic risk.",Global cross-country evidence.,Gross focus [verify].,Implementable combination.,International breadth,Out-of-US robustness [inference].,"Crossref match (title, author, year, journal)"
KMZ2024,"Kelly, B.; Malamud, S.; Zhou, K.",2024,The Virtue of Complexity in Return Prediction,Journal of Finance 79(1):459-503,T1 General Finance,ML asset pricing,3,True,10.1111/jofi.13298,https://onlinelibrary.wiley.com/doi/full/10.1111/jofi.13298,Can models with more parameters than observations improve out-of-sample return prediction?,US market return with standard predictors,Market index (timing),Monthly,Welch-Goyal-type predictors [verify count],Random Fourier features ridge regression,n/a,Market-timing strategy,Simple models,"R2, Sharpe, IR, alpha",[verify],[verify],n/a,n/a,Complex models dominate simple ones in theory and US market timing; strategies divest before recessions (14 of 15 out of sample).,Theoretical rationale for high-complexity ML in return prediction.,Time-series market timing.,Complexity vs costs in cross-sectional combination.,Complexity-cost trade-off,Complexity dimension in design [inference].,DOI from publisher page/search; Crossref-confirmed
AHM2019,"Arnott, R.; Harvey, C.R.; Markowitz, H.",2019,A Backtesting Protocol in the Era of Machine Learning,Journal of Financial Data Science 1(1):64-74,T3 Practitioner,Statistical inference,5,False,10.3905/jfds.2019.1.064,,,,,,,,,,,,,,,,Checklist-style protocol for credible ML backtests.,,Basis for reviewer-proof checklist.,,,,"Crossref match (title, author, year, journal)"
BBLZ2017,"Bailey, D.H.; Borwein, J.; Lopez de Prado, M.; Zhu, Q.J.",2017,The Probability of Backtest Overfitting,Journal of Computational Finance 20(4):39-69,T2 Quant/Field,Statistical inference,5,False,10.21314/JCF.2016.322,,,,,,,,,,,,,,,,CSCV estimates the probability that the in-sample best configuration underperforms out of sample.,,PBO reporting.,,,,DOI from publisher page/search; Crossref-confirmed
FRLUX2025,"Zhang, J.",2025,"FR-LUX: Friction-Aware, Regime-Conditioned Policy Optimization for Implementable Portfolio Management",Working paper (arXiv 2510.02986),WP,Factor timing & regimes,5,False,,,,,,,,,,,,,,,,,"Reinforcement-learning policy with proportional and impact costs inside the reward, inaction bands, conditioning on four volatility-liquidity regimes; evaluated on a regime x cost grid with bootstrap CIs and multiple-testing corrections; reports a flatter cost-performance slope than baselines.",,Closest new prior art for the conditioning x cost interaction (gap G2); cite and differentiate (single method vs factorial attribution; small asset space vs ~150-signal cross-section).,,,,Working paper (journal DOI not available/verified)
HAN2005,"Hansen, P.R.",2005,A Test for Superior Predictive Ability,Journal of Business & Economic Statistics 23(4):365-380,T2 Quant/Field,Statistical inference,5,False,10.1198/073500105000000063,,,,,,,,,,,,,,,,SPA test: more powerful and less sensitive to poor alternatives than the Reality Check.,,Primary data-snooping test.,,,,DOI from publisher page/search; Crossref-confirmed
HLZ2016,"Harvey, C.R.; Liu, Y.; Zhu, H.",2016,... and the Cross-Section of Expected Returns,Review of Financial Studies 29(1):5-68,T1 General Finance,Replication & multiple testing,5,False,10.1093/rfs/hhv059,,,,,,,,,,,,,,,,Multiple-testing framework for 300+ factors; new factors should clear t > 3.0.,,Significance hurdles.,,,,DOI from publisher page/search; Crossref-confirmed
LW2008,"Ledoit, O.; Wolf, M.",2008,Robust Performance Hypothesis Testing with the Sharpe Ratio,Journal of Empirical Finance 15(5):850-859,T2 Quant/Field,Statistical inference,5,False,10.1016/j.jempfin.2008.03.002,,,,,,,,,,,,,,,,HAC and studentised circular block bootstrap tests for Sharpe-ratio differences.,,Primary Sharpe-difference test.,,,,"Crossref match (title, author, year, journal)"
SPUR2026,[verify authors],2026,Spurious Predictability in Financial Machine Learning,Working paper (arXiv 2604.15531),WP,Statistical inference,5,False,,,,,,,,,,,,,,,,,"Adaptive specification search produces statistically significant backtests under martingale-difference nulls; proposes a falsification audit with zero-predictability reference classes, microstructure placebos and a multiplicity-adjusted inflation gap.",,Adopted as our credibility layer; raises the bar that competing submissions must clear.,,,,Working paper (journal DOI not available/verified)
WHI2000,"White, H.",2000,A Reality Check for Data Snooping,Econometrica 68(5):1097-1126,Econometrics general,Statistical inference,5,False,10.1111/1468-0262.00152,,,,,,,,,,,,,,,,Bootstrap test that the best of many models does not beat a benchmark.,,Data-snooping control.,,,,DOI from publisher page/search; Crossref-confirmed
AGK2024,"Ardia, D.; Guidotti, E.; Kroencke, T.A.",2024,"Efficient Estimation of Bid-Ask Spreads from Open, High, Low, and Close Prices",Journal of Financial Economics 161:103916,T1 General Finance,TC & implementability,4,False,10.1016/j.jfineco.2024.103916,,,,,,,,,,,,,,,,EDGE estimator from OHLC prices; R package 'bidask'.,,Preferred low-frequency spread estimator where TAQ unavailable. [verify volume],,,,"Crossref match (title, author, year, journal)"
BK2023,"Butler, A.; Kwon, R.H.",2023,Integrating Prediction in Mean-Variance Portfolio Optimization,Quantitative Finance 23(3):429-452,T2 Quant/Field,End-to-end / decision-focused,4,False,10.1080/14697688.2022.2162432,,,,,,,,,,,,,,,,Integrated prediction-optimisation (IPO) with closed forms for unconstrained MVO and differentiable QP layers otherwise; lower realised cost than predict-then-optimize.,,Decision-focused MVO benchmark.,,,,DOI from publisher page/search; Crossref-confirmed
BLLP2025,"Bryzgalova, S.; Lerner, S.; Lettau, M.; Pelger, M.",2025,Missing Financial Data,Review of Financial Studies 38(3):803-882,T1 General Finance,Data & measurement,4,False,10.1093/rfs/hhae036,,,,,,,,,,,,,,,,"Characteristics are frequently missing, not at random; proposes cross-sectional and time-series imputation. [verify pages]",,Missing-data handling protocol.,,,,"Crossref match (title, author, year, journal)"
CPPS2024,"Kato, M.",2024,Conformal Predictive Portfolio Selection,"Working paper (arXiv 2410.16333, revised 2025)",WP,Portfolio construction,4,False,,,,,,,,,,,,,,,,,"Combines conformal prediction intervals with portfolio selection across AR, random-forest and neural-network forecasters.",,Basis for uncertainty level D2 (calibrated intervals) instead of raw ensemble dispersion.,,,,Working paper (journal DOI not available/verified)
CSS2012,"Ceria, S.; Saxena, A.; Stubbs, R.A.",2012,Factor Alignment Problems and Quantitative Portfolio Management,Journal of Portfolio Management 38(2):29-43,T3 Practitioner,Portfolio construction,4,False,10.3905/jpm.2012.2012.1.021,,,,,,,,,,,,,,,,"Misalignment between alpha model, risk model and constraints creates unintended exposures and risk underestimation.",,Alignment diagnostics for ML alpha.,,,,"Crossref match (title, author, year, journal)"
CST2002,"Clarke, R.; de Silva, H.; Thorley, S.",2002,Portfolio Constraints and the Fundamental Law of Active Management,Financial Analysts Journal 58(5):48-66,T3 Practitioner,Portfolio construction,4,False,10.2469/faj.v58.n5.2468,,,,,,,,,,,,,,,,Introduces the transfer coefficient: constraints limit how much forecast information reaches portfolio weights.,,Transfer-coefficient reporting in our metrics.,,,,"Crossref match (title, author, year, journal)"
CTWZ2021,"Cong, L.W.; Tang, K.; Wang, J.; Zhang, Y.",2021,AlphaPortfolio: Direct Construction through Deep Reinforcement Learning and Interpretable AI,Working paper (SSRN 3554486; NBER w35195),WP,End-to-end / decision-focused,4,False,,,,,,,,,,,,,,,,,"Transformer-based RL directly optimises investor objectives; out-of-sample Sharpe above 2 and 13%+ alpha with monthly rebalancing in US equities, robust to excluding small/illiquid stocks; 'economic distillation' for interpretation.",,Direct-construction benchmark; implementability claims need independent replication [inference].,,,,Working paper (journal DOI not available/verified)
CW2007,"Clark, T.E.; West, K.D.",2007,Approximately Normal Tests for Equal Predictive Accuracy in Nested Models,Journal of Econometrics 138(1):291-311,T2 Quant/Field,Statistical inference,4,False,10.1016/j.jeconom.2006.05.023,,,,,,,,,,,,,,,,Adjusted MSPE test for nested models.,,Nested model comparisons (static vs conditional).,,,,"Crossref match (title, author, year, journal)"
CW2026,"Chen, A.Y.; Welch, I.",2026,What Useful Alphas?,Working paper (arXiv 2607.06502),WP,TC & implementability,4,False,,,,,,,,,,,,,,,,,About 200 published anomalies: median return 48 bp/month through 2005 falls to 19 bp post-2005 and to about 7 bp after liquidity/microcap restrictions; modest cost allowances eliminate it.,,Sets a sobering prior: net signal-level alpha is near zero recently.,,,,Working paper (journal DOI not available/verified)
DGU2009,"DeMiguel, V.; Garlappi, L.; Uppal, R.",2009,Optimal Versus Naive Diversification: How Inefficient Is the 1/N Portfolio Strategy?,Review of Financial Studies 22(5):1915-1953,T1 General Finance,Portfolio construction,4,False,10.1093/rfs/hhm075,,,,,,,,,,,,,,,,"None of 14 optimisation models consistently beats 1/N out of sample in Sharpe, CEQ or turnover.",,Naive benchmark is mandatory.,,,,DOI from publisher page/search
DM1995,"Diebold, F.X.; Mariano, R.S.",1995,Comparing Predictive Accuracy,Journal of Business & Economic Statistics 13(3):253-263,T2 Quant/Field,Statistical inference,4,False,10.1080/07350015.1995.10524599,,,,,,,,,,,,,,,,Test of equal predictive accuracy.,,Forecast comparison.,,,,"Crossref match (title, author, year, journal)"
DM2016,"Daniel, K.; Moskowitz, T.J.",2016,Momentum Crashes,Journal of Financial Economics 122(2):221-247,T1 General Finance,Factor timing & regimes,4,False,10.1016/j.jfineco.2015.12.002,,,,,,,,,,,,,,,,Momentum crashes in panic states after market declines when volatility is high; dynamic momentum doubles Sharpe.,,Economic prior: state-dependent momentum weight.,,,,"Crossref match (title, author, year, journal)"
EG2022,"Elmachtoub, A.N.; Grigas, P.",2022,"Smart 'Predict, then Optimize'",Management Science 68(1):9-26,T1b Finance/OR,End-to-end / decision-focused,4,False,10.1287/mnsc.2020.3922,,,,,,,,,,,,,,,,SPO+ loss trains predictors on decision regret rather than prediction error.,,Decision-focused loss foundation.,,,,"Crossref match (title, author, year, journal)"
FHNW2025,"Freyberger, J.; Hoppner, B.; Neuhierl, A.; Weber, M.",2025,Missing Data in Asset Pricing Panels,Review of Financial Studies 38(3):760-802,T1 General Finance,Data & measurement,4,False,10.1093/rfs/hhae003,,,,,,,,,,,,,,,,Generalised method of moments approach to missing characteristics; imputation choices affect results. [verify pages],,Missing-data handling protocol.,,,,"Crossref match (title, author, year, journal)"
FNW2020,"Freyberger, J.; Neuhierl, A.; Weber, M.",2020,Dissecting Characteristics Nonparametrically,Review of Financial Studies 33(5):2326-2377,T1 General Finance,ML asset pricing,4,False,10.1093/rfs/hhz123,,,,,,,,,,,,,,,,Adaptive group LASSO selects characteristics with incremental information and estimates nonlinear effects; many predictors add nothing incremental; nonlinearity matters.,,Evidence on redundancy; nonparametric-selection benchmark.,,,,DOI from publisher page/search; Crossref-confirmed
GK2000,"Grinold, R.C.; Kahn, R.N.",2000,Active Portfolio Management (2nd ed.),McGraw-Hill (book),Book,Portfolio construction,4,False,,,,,,,,,,,,,,,,,"Alpha forecasting, signal combination and portfolio construction for quantitative managers.",,Practitioner combination canon.,,,,Book (no DOI recorded)
GRIN1989,"Grinold, R.C.",1989,The Fundamental Law of Active Management,Journal of Portfolio Management 15(3):30-37,T3 Practitioner,Portfolio construction,4,False,10.3905/jpm.1989.409211,,,,,,,,,,,,,,,,IR approximately IC x sqrt(breadth).,,Links IC to IR; motivates IC-weighting baseline.,,,,"Crossref match (title, author, year, journal)"
HAR2017,"Harvey, C.R.",2017,Presidential Address: The Scientific Outlook in Financial Economics,Journal of Finance 72(4):1399-1440,T1 General Finance,Replication & multiple testing,4,False,10.1111/jofi.12530,,,,,,,,,,,,,,,,Incentives produce p-hacking; recommends Bayesian-style minimum Bayes factors and higher standards.,,Reviewer expectations on integrity.,,,,"Crossref match (title, author, year, journal)"
HAS2009,"Hasbrouck, J.",2009,Trading Costs and Returns for U.S. Equities: Estimating Effective Costs from Daily Data,Journal of Finance 64(3):1445-1477,T1 General Finance,TC & implementability,4,False,10.1111/j.1540-6261.2009.01469.x,,,,,,,,,,,,,,,,"Gibbs-sampler estimate of effective costs from daily prices, validated against TAQ.",,Historical spread estimator.,,,,DOI from publisher page/search; Crossref-confirmed
HL2015,"Harvey, C.R.; Liu, Y.",2015,Backtesting,Journal of Portfolio Management 42(1):13-28,T3 Practitioner,Statistical inference,4,False,10.3905/jpm.2015.42.1.013,,,,,,,,,,,,,,,,Sharpe-ratio haircuts for multiple testing.,,Haircut Sharpe reporting.,,,,"Crossref match (title, author, year, journal)"
HLN2011,"Hansen, P.R.; Lunde, A.; Nason, J.M.",2011,The Model Confidence Set,Econometrica 79(2):453-497,Econometrics general,Statistical inference,4,False,10.3982/ecta5771,,,,,,,,,,,,,,,,Set of models containing the best with given confidence.,,Report the MCS of design cells.,,,,Crossref match (online/issue year differs)
HXZ2020,"Hou, K.; Xue, C.; Zhang, L.",2020,Replicating Anomalies,Review of Financial Studies 33(5):2019-2133,T1 General Finance,Replication & multiple testing,4,False,10.1093/rfs/hhy131,,,,,,,,,,,,,,,,65% of 452 anomalies fail |t| > 1.96 and 82% fail 2.78 with NYSE breakpoints and value weighting; replicated magnitudes are smaller.,,Microcap and weighting discipline.,,,,DOI from publisher page/search; Crossref-confirmed
KNS2020,"Kozak, S.; Nagel, S.; Santosh, S.",2020,Shrinking the Cross-Section,Journal of Financial Economics 135(2):271-292,T1 General Finance,ML asset pricing,4,False,10.1016/j.jfineco.2019.06.008,,,,,,,,,,,,,,,,Robust SDF from many predictors via an economically motivated prior that shrinks low-variance principal components.,,Mean-variance signal-combination benchmark with shrinkage.,,,,"Crossref match (title, author, year, journal)"
KX2023,"Kelly, B.; Xiu, D.",2023,Financial Machine Learning,Foundations and Trends in Finance 13(3-4):205-363,Survey,ML asset pricing,4,False,10.1561/500000064,,,,,,,,,,,,,,,,Survey of ML in financial markets for economists and machine learners.,,Background survey.,,,,"Crossref match (title, author, year, journal)"
LDP2018,"Lopez de Prado, M.",2018,Advances in Financial Machine Learning,Wiley (book),Book,Statistical inference,4,False,,,,,,,,,,,,,,,,,"Purged k-fold cross-validation with embargo, meta-labelling, backtest overfitting.",,Validation protocol for overlapping labels.,,,,Book (no DOI recorded)
LL2017,"Lundberg, S.M.; Lee, S.-I.",2017,A Unified Approach to Interpreting Model Predictions,Advances in Neural Information Processing Systems 30,ML venue,ML methods,4,False,,,,,,,,,,,,,,,,,SHAP values unify additive feature attribution methods.,,Signal attribution.,,,,Conference/ML venue (not in Crossref or not matched)
LO2002,"Lo, A.W.",2002,The Statistics of Sharpe Ratios,Financial Analysts Journal 58(4):36-52,T3 Practitioner,Statistical inference,4,False,10.2469/faj.v58.n4.2453,,,,,,,,,,,,,,,,Sampling distribution of Sharpe ratios under serial correlation; annualisation errors.,,Sharpe inference.,,,,"Crossref match (title, author, year, journal)"
LPB2017,"Lakshminarayanan, B.; Pritzel, A.; Blundell, C.",2017,Simple and Scalable Predictive Uncertainty Estimation Using Deep Ensembles,Advances in Neural Information Processing Systems 30,ML venue,ML methods,4,False,,,,,,,,,,,,,,,,,Deep ensembles give calibrated predictive uncertainty.,,Uncertainty estimator.,,,,Conference/ML venue (not in Crossref or not matched)
LW2017,"Ledoit, O.; Wolf, M.",2017,Nonlinear Shrinkage of the Covariance Matrix for Portfolio Selection: Markowitz Meets Goldilocks,Review of Financial Studies 30(12):4349-4388,T1 General Finance,Portfolio construction,4,False,10.1093/rfs/hhx052,,,,,,,,,,,,,,,,Nonlinear shrinkage covariance estimator improves large-dimensional portfolio selection.,,Default covariance estimator.,,,,DOI from publisher page/search; Crossref-confirmed
MENK2024,"Menkveld, A.J.; et al.",2024,Nonstandard Errors,Journal of Finance 79(3):2339-2390,T1 General Finance,Replication & multiple testing,4,False,,,,,,,,,,,,,,,,,164 teams testing the same hypotheses on the same data produce dispersion (non-standard errors) comparable to standard errors.,,Justifies multiverse reporting.,,,,No DOI verified
NW1987,"Newey, W.K.; West, K.D.",1987,"A Simple, Positive Semi-Definite, Heteroskedasticity and Autocorrelation Consistent Covariance Matrix",Econometrica 55(3):703-708,Econometrics general,Statistical inference,4,False,10.2307/1913610,,,,,,,,,,,,,,,,HAC standard errors.,,Mean-return and alpha t-statistics.,,,,"Crossref match (title, author, year, journal)"
PR1994,"Politis, D.N.; Romano, J.P.",1994,The Stationary Bootstrap,Journal of the American Statistical Association 89(428):1303-1313,Econometrics general,Statistical inference,4,False,10.1080/01621459.1994.10476870,,,,,,,,,,,,,,,,Random-block bootstrap for stationary dependent data.,,Bootstrap for SPA/RC.,,,,"Crossref match (title, author, year, journal)"
RJ2019,"Rasekhschaffe, K.C.; Jones, R.C.",2019,Machine Learning for Stock Selection,Financial Analysts Journal 75(3):70-88,T3 Practitioner,ML strategies & implementability,4,False,10.1080/0015198X.2019.1596678,,,,,,,,,,,,,,,,Practitioner framework: forecast combination across algorithms and feature engineering to limit overfitting in cross-sectional stock selection.,,Practitioner combination baseline.,,,,DOI from publisher page/search; Crossref-confirmed
RW2005,"Romano, J.P.; Wolf, M.",2005,Stepwise Multiple Testing as Formalized Data Snooping,Econometrica 73(4):1237-1282,Econometrics general,Statistical inference,4,False,10.1111/j.1468-0262.2005.00615.x,,,,,,,,,,,,,,,,StepM identifies which models beat the benchmark with FWER control.,,Which cells beat the benchmark.,,,,"Crossref match (title, author, year, journal)"
SHU1997,"Shumway, T.",1997,The Delisting Bias in CRSP Data,Journal of Finance 52(1):327-340,T1 General Finance,Data & measurement,4,False,10.1111/j.1540-6261.1997.tb03818.x,,,,,,,,,,,,,,,,Missing performance-related delisting returns bias CRSP returns upward.,,Delisting-return correction.,,,,"Crossref match (title, author, year, journal)"
SPO2026,"Wang, Y.; Hasuike, T.",2026,Decision-Induced Ranking Explains Prediction Inflation and Excessive Turnover in SPO-Based Portfolio Optimization,Working paper (arXiv 2605.01176),WP,End-to-end / decision-focused,4,False,,,,,,,,,,,,,,,,,"Shows decision-focused (SPO) portfolio learning inflates return signals and churns the book; proposes clipping, min-max rescaling and partial portfolio adjustment.",,Our economic-objective cells adopt these controls and report inflation as a diagnostic.,,,,Working paper (journal DOI not available/verified)
SYY2012,"Stambaugh, R.F.; Yu, J.; Yuan, Y.",2012,The Short of It: Investor Sentiment and Anomalies,Journal of Financial Economics 104(2):288-302,T1 General Finance,Factor timing & regimes,4,False,10.1016/j.jfineco.2011.12.001,,,,,,,,,,,,,,,,"Anomalies are stronger following high sentiment, mostly on the short leg.",,Economic prior for state dependence.,,,,"Crossref match (title, author, year, journal)"
VSC2026,"Afsharhajari, N.; Li, J.Y.-M.",2026,The Virtue of Sparsity in Complexity,Working paper (arXiv 2604.17166),WP,ML asset pricing,4,False,,,,,,,,,,,,,,,,,"Distinguishes capacity sparsity from factor sparsity; with nonlinear feature expansions, basis-pursuit sparse selection keeps improving in the high-complexity regime while the dense ridgeless benchmark plateaus.",,Motivates the dense/sparse arms of our complexity ladder (levels A2/A3).,,,,Working paper (journal DOI not available/verified)
AAB2019,"Agrawal, A.; Amos, B.; Barratt, S.; Boyd, S.; Diamond, S.; Kolter, J.Z.",2019,Differentiable Convex Optimization Layers,Advances in Neural Information Processing Systems 32,ML venue,End-to-end / decision-focused,3,False,,,,,,,,,,,,,,,,,cvxpylayers: differentiate through disciplined convex programs.,,Tooling for cost-aware differentiable optimiser. [DOI not in Crossref],,,,Conference/ML venue (not in Crossref or not matched)
AC2001,"Almgren, R.; Chriss, N.",2001,Optimal Execution of Portfolio Transactions,Journal of Risk 3(2):5-39,T2 Quant/Field,TC & implementability,3,False,10.21314/jor.2001.041,,,,,,,,,,,,,,,,Mean-variance optimal execution with temporary and permanent impact.,,Execution-cost model.,,,,"Crossref match (title, author, year, journal)"
AIPT2025,"Kelly, B.; et al.",2025,APT or AIPT? The Surprising Dominance of Large Factor Models,"Working paper (EDHEC-hosted PDF, Oct 2025) [verify authors and venue]",WP,ML asset pricing,3,False,,,,,,,,,,,,,,,,,"Whether extra factors help depends on the eigenvalue distribution: concentrated spectra show no virtue of complexity, diffuse ones do.",,"Basis for our spectrum diagnostic, which predicts when the complexity rung should pay.",,,,Working paper (journal DOI not available/verified)
AK2017,"Amos, B.; Kolter, J.Z.",2017,OptNet: Differentiable Optimization as a Layer in Neural Networks,Proceedings of ICML 2017 (PMLR 70),ML venue,End-to-end / decision-focused,3,False,,,,,,,,,,,,,,,,,Differentiable quadratic-programming layers.,,Implementation of differentiable optimiser. [DOI not in Crossref],,,,Conference/ML venue (not in Crossref or not matched)
AMI2002,"Amihud, Y.",2002,Illiquidity and Stock Returns: Cross-Section and Time-Series Effects,Journal of Financial Markets 5(1):31-56,T2 Quant/Field,TC & implementability,3,False,10.1016/s1386-4181(01)00024-6,,,,,,,,,,,,,,,,Illiquidity ratio; market illiquidity predicts returns.,,Liquidity feature and state variable.,,,,"Crossref match (title, author, year, journal)"
AR2017,"Abdi, F.; Ranaldo, A.",2017,"A Simple Estimation of Bid-Ask Spreads from Daily Close, High, and Low Prices",Review of Financial Studies 30(12):4437-4480,T1 General Finance,TC & implementability,3,False,10.1093/rfs/hhx084,,,,,,,,,,,,,,,,Close-high-low estimator with high correlation to TAQ effective spreads.,,Low-frequency spread estimator.,,,,"Crossref match (title, author, year, journal)"
AT2012,"Ang, A.; Timmermann, A.",2012,Regime Changes and Financial Markets,Annual Review of Financial Economics 4:313-337,Survey,Factor timing & regimes,3,False,10.1146/annurev-financial-110311-101808,,,,,,,,,,,,,,,,Survey of regime-switching models in finance.,,Regime background.,,,,"Crossref match (title, author, year, journal)"
ATHL2005,"Almgren, R.; Thum, C.; Hauptmann, E.; Li, H.",2005,Direct Estimation of Equity Market Impact,Risk 18(7):58-62,T3 Practitioner,TC & implementability,3,False,,,,,,,,,,,,,,,,,Empirical market-impact estimates from institutional orders support concave (approximately 3/5 power) temporary impact [verify exponent].,,Impact calibration.,,,,No DOI verified
AZ2020,"Apley, D.W.; Zhu, J.",2020,Visualizing the Effects of Predictor Variables in Black Box Supervised Learning Models,Journal of the Royal Statistical Society Series B 82(4):1059-1086,Econometrics general,ML methods,3,False,10.1111/rssb.12377,,,,,,,,,,,,,,,,Accumulated local effects plots robust to correlated predictors.,,Preferred over PDP with correlated signals.,,,,"Crossref match (title, author, year, journal)"
BCZ2022,"Blanchet, J.; Chen, L.; Zhou, X.Y.",2022,Distributionally Robust Mean-Variance Portfolio Selection with Wasserstein Distances,Management Science 68(9):6382-6410,T1b Finance/OR,Portfolio construction,3,False,10.1287/mnsc.2021.4155,,,,,,,,,,,,,,,,Wasserstein DRO mean-variance with data-driven calibration of the ambiguity radius.,,DRO optimiser variant.,,,,"Crossref match (title, author, year, journal)"
BH1995,"Benjamini, Y.; Hochberg, Y.",1995,Controlling the False Discovery Rate: A Practical and Powerful Approach to Multiple Testing,Journal of the Royal Statistical Society Series B 57(1):289-300,Econometrics general,Statistical inference,3,False,10.1111/j.2517-6161.1995.tb02031.x,,,,,,,,,,,,,,,,FDR control procedure.,,Signal-level multiple testing.,,,,"Crossref match (title, author, year, journal)"
BL1992,"Black, F.; Litterman, R.",1992,Global Portfolio Optimization,Financial Analysts Journal 48(5):28-43,T3 Practitioner,Portfolio construction,3,False,10.2469/faj.v48.n5.28,,,,,,,,,,,,,,,,Blends equilibrium returns with investor views.,,Framework for blending ML alpha with confidence.,,,,"Crossref match (title, author, year, journal)"
BP1998,"Bai, J.; Perron, P.",1998,Estimating and Testing Linear Models with Multiple Structural Changes,Econometrica 66(1):47,Econometrics general,Statistical inference,3,False,10.2307/2998540,,,,,,,,,,,,,,,,Estimation and tests for multiple structural breaks.,,Stability tests of cell differences.,,,,"Crossref match (title, author, year, journal)"
BPZ2025,"Bryzgalova, S.; Pelger, M.; Zhu, J.",2025,Forest through the Trees: Building Cross-Sections of Stock Returns,Journal of Finance 80:2447-2506,T1 General Finance,ML asset pricing,3,False,10.1111/jofi.13477,,,,,,,,,,,,,,,,Decision trees (AP-Trees) build characteristic-managed test portfolios that span the SDF.,,Interpretable nonlinear interaction structure.,,,,DOI from publisher page/search; Crossref-confirmed
BRE2001,"Breiman, L.",2001,Random Forests,Machine Learning 45(1):5-32,ML venue,ML methods,3,False,10.1023/a:1010933404324,,,,,,,,,,,,,,,,Random forests.,,RF baseline.,,,,"Crossref match (title, author, year, journal)"
BSC2015,"Barroso, P.; Santa-Clara, P.",2015,Momentum Has Its Moments,Journal of Financial Economics 116(1):111-120,T1 General Finance,Factor timing & regimes,3,False,10.1016/j.jfineco.2014.11.010,,,,,,,,,,,,,,,,Scaling momentum by its own realised variance nearly eliminates crashes.,,Volatility-scaling benchmark.,,,,"Crossref match (title, author, year, journal)"
BW2006,"Baker, M.; Wurgler, J.",2006,Investor Sentiment and the Cross-Section of Stock Returns,Journal of Finance 61(4):1645-1680,T1 General Finance,Data & measurement,3,False,10.1111/j.1540-6261.2006.00885.x,,,,,,,,,,,,,,,,Sentiment index; hard-to-value stocks mispriced conditional on sentiment.,,State variable (sentiment).,,,,"Crossref match (title, author, year, journal)"
CFHH2025,"Cong, L.W.; Feng, G.; He, J.; He, X.",2025,Growing the Efficient Frontier on Panel Trees,Journal of Financial Economics 167:104024,T1 General Finance,ML asset pricing,3,False,10.1016/j.jfineco.2025.104024,,,,,,,,,,,,,,,,P-Trees on unbalanced panels create test assets and traded factors that advance the efficient frontier.,,Tree-based interaction discovery benchmark.,,,,"Crossref match (title, author, year, journal)"
CG2016,"Chen, T.; Guestrin, C.",2016,XGBoost: A Scalable Tree Boosting System,Proceedings of ACM SIGKDD 2016,ML venue,ML methods,3,False,,,,,,,,,,,,,,,,,Scalable regularised gradient boosting.,,GBDT implementation.,,,,Conference/ML venue (not in Crossref or not matched)
CI2023,"Costa, G.; Iyengar, G.N.",2023,Distributionally Robust End-to-End Portfolio Construction,Quantitative Finance 23(10):1465-1482,T2 Quant/Field,End-to-end / decision-focused,3,False,10.1080/14697688.2023.2236148,,,,,,,,,,,,,,,,End-to-end system with a DRO layer that learns robustness parameters.,,Robust end-to-end benchmark. [verify pages],,,,DOI from publisher page/search; Crossref-confirmed
COC2011,"Cochrane, J.H.",2011,Presidential Address: Discount Rates,Journal of Finance 66(4):1047-1108,T1 General Finance,Replication & multiple testing,3,False,10.1111/j.1540-6261.2011.01671.x,,,,,,,,,,,,,,,,Frames the 'zoo' of characteristics and the need to understand which are independently important.,,Motivating question for signal combination.,,,,"Crossref match (title, author, year, journal)"
COWY2020,"Cederburg, S.; O'Doherty, M.S.; Wang, F.; Yan, X.S.",2020,On the Performance of Volatility-Managed Portfolios,Journal of Financial Economics 138(1):95-117,T1 General Finance,Factor timing & regimes,3,False,10.1016/j.jfineco.2020.04.015,,,,,,,,,,,,,,,,Volatility-managed strategies generally fail to beat unmanaged versions in real-time out-of-sample tests.,,Caution against in-sample conditioning gains.,,,,"Crossref match (title, author, year, journal)"
CS2012,"Corwin, S.A.; Schultz, P.",2012,A Simple Way to Estimate Bid-Ask Spreads from Daily High and Low Prices,Journal of Finance 67(2):719-760,T1 General Finance,TC & implementability,3,False,10.1111/j.1540-6261.2012.01729.x,,,,,,,,,,,,,,,,High-low spread estimator.,,Low-frequency spread estimator.,,,,DOI from publisher page/search; Crossref-confirmed
CST2014,"Chordia, T.; Subrahmanyam, A.; Tong, Q.",2014,Have Capital Market Anomalies Attenuated in the Recent Era of High Liquidity and Trading Activity?,Journal of Accounting and Economics 58(1):41-58,T2 Quant/Field,TC & implementability,3,False,10.1016/j.jacceco.2014.06.001,,,,,,,,,,,,,,,,Anomaly returns attenuated in the post-decimalization high-liquidity era.,,Subperiod split rationale.,,,,"Crossref match (title, author, year, journal)"
DAK2017,"Donti, P.L.; Amos, B.; Kolter, J.Z.",2017,Task-based End-to-end Model Learning in Stochastic Optimization,Advances in Neural Information Processing Systems 30,ML venue,End-to-end / decision-focused,3,False,,,,,,,,,,,,,,,,,Learn probabilistic models by differentiating through the downstream optimisation task.,,End-to-end foundation. [DOI not in Crossref],,,,Conference/ML venue (not in Crossref or not matched)
DKKM2023,"Didisheim, A.; Ke, S.; Kelly, B.; Malamud, S.",2023,Complexity in Factor Pricing Models,Working paper (NBER w31689; SSRN 4574634),WP,ML asset pricing,3,False,,,,,,,,,,,,,,,,,Out-of-sample SDF Sharpe and pricing errors improve with model parameterisation; very large factor models outperform simpler ones.,,Complexity dimension; must be confronted with costs.,,,,Working paper (journal DOI not available/verified)
DNMV2023,"Detzel, A.; Novy-Marx, R.; Velikov, M.",2023,Model Comparison with Transaction Costs,Journal of Finance 78(3):1743-1775,T1 General Finance,TC & implementability,3,False,10.1111/jofi.13225,,,,,,,,,,,,,,,,Ignoring costs biases model comparison toward high-cost factors; net of costs FF5 beats q-factor and six-factor models.,,Net-of-cost alpha benchmark choice.,,,,DOI from publisher page/search; Crossref-confirmed
EL2022,"Ehsani, S.; Linnainmaa, J.T.",2022,Factor Momentum and the Momentum Factor,Journal of Finance 77(3):1877-1919,T1 General Finance,Factor timing & regimes,3,False,10.1111/jofi.13131,,,,,,,,,,,,,,,,Factors are autocorrelated (6 bp after losing years vs 51 bp after winning years); momentum times other factors.,,Signal-level efficacy predictor.,,,,DOI from publisher page/search; Crossref-confirmed
FF1993,"Fama, E.F.; French, K.R.",1993,Common Risk Factors in the Returns on Stocks and Bonds,Journal of Financial Economics 33(1):3-56,T1 General Finance,Data & measurement,3,False,10.1016/0304-405x(93)90023-5,,,,,,,,,,,,,,,,Three-factor model.,,Alpha benchmark.,,,,"Crossref match (title, author, year, journal)"
FF2015,"Fama, E.F.; French, K.R.",2015,A Five-Factor Asset Pricing Model,Journal of Financial Economics 116(1):1-22,T1 General Finance,Data & measurement,3,False,10.1016/j.jfineco.2014.10.010,,,,,,,,,,,,,,,,Five-factor model adds profitability and investment.,,Alpha benchmark.,,,,"Crossref match (title, author, year, journal)"
FGX2020,"Feng, G.; Giglio, S.; Xiu, D.",2020,Taming the Factor Zoo: A Test of New Factors,Journal of Finance 75(3):1327-1370,T1 General Finance,Replication & multiple testing,3,False,10.1111/jofi.12883,,,,,,,,,,,,,,,,Double-selection LASSO evaluates a new factor's marginal contribution given a high-dimensional set of existing factors.,,Incremental-value testing for new signals.,,,,"Crossref match (title, author, year, journal)"
FM1973,"Fama, E.F.; MacBeth, J.D.",1973,"Risk, Return, and Equilibrium: Empirical Tests",Journal of Political Economy 81(3):607-636,T1 General Finance,Statistical inference,3,False,10.1086/260061,,,,,,,,,,,,,,,,Two-pass cross-sectional regression methodology.,,FM combination benchmark and inference.,,,,"Crossref match (title, author, year, journal)"
FMYY2025,"Fan, Q.; Medeiros, M.C.; Yang, H.; Yang, S.",2025,Cost-aware Portfolios in a Large Universe of Assets,"Working paper (arXiv 2412.11575, revised Aug 2025)",WP,Portfolio construction,3,False,,,,,,,,,,,,,,,,,Mean-variance rebalancing with nonconvex penalties under proportional and quadratic transaction costs in high dimensions; S&P 500 and Russell 2000 evidence.,,Alternative cost-aware optimiser to cite alongside ours.,,,,Working paper (journal DOI not available/verified)
FRI2001,"Friedman, J.H.",2001,Greedy Function Approximation: A Gradient Boosting Machine,Annals of Statistics 29(5):1189-1232,Econometrics general,ML methods,3,False,10.1214/aos/1013203451,,,,,,,,,,,,,,,,Gradient boosting; partial dependence plots.,,GBDT foundation.,,,,"Crossref match (title, author, year, journal)"
GG2016,"Gal, Y.; Ghahramani, Z.",2016,Dropout as a Bayesian Approximation: Representing Model Uncertainty in Deep Learning,Proceedings of ICML 2016 (PMLR 48),ML venue,ML methods,3,False,,,,,,,,,,,,,,,,,MC dropout approximates Bayesian uncertainty.,,Uncertainty estimator alternative.,,,,Conference/ML venue (not in Crossref or not matched)
GHZ2017,"Green, J.; Hand, J.R.M.; Zhang, X.F.",2017,The Characteristics that Provide Independent Information about Average U.S. Monthly Stock Returns,Review of Financial Studies 30(12):4389-4436,T1 General Finance,Replication & multiple testing,3,False,10.1093/rfs/hhx019,,,,,,,,,,,,,,,,"Few characteristics provide independent information in multivariate FM regressions, and fewer after 2003.",,Redundancy and post-2003 decay evidence.,,,,"Crossref match (title, author, year, journal)"
GI2003,"Goldfarb, D.; Iyengar, G.",2003,Robust Portfolio Selection Problems,Mathematics of Operations Research 28(1):1-38,T1b Finance/OR,Portfolio construction,3,False,10.1287/moor.28.1.1.14260,,,,,,,,,,,,,,,,Robust counterparts of mean-variance problems as SOCPs.,,Uncertainty-set optimiser.,,,,"Crossref match (title, author, year, journal)"
GKX2021,"Gu, S.; Kelly, B.; Xiu, D.",2021,Autoencoder Asset Pricing Models,Journal of Econometrics 222(1):429-450,T2 Quant/Field,ML asset pricing,3,False,10.1016/j.jeconom.2020.07.009,,,,,,,,,,,,,,,,Conditional autoencoder links characteristics to nonlinear conditional betas and latent factors under no-arbitrage.,,Latent-factor benchmark; tested under restrictions by ACM2023.,,,,"Crossref match (title, author, year, journal)"
GKX2022,"Giglio, S.; Kelly, B.; Xiu, D.",2022,"Factor Models, Machine Learning, and Asset Pricing",Annual Review of Financial Economics 14:337-368,Survey,ML asset pricing,3,False,10.1146/annurev-financial-101521-104735,,,,,,,,,,,,,,,,Survey of factor models and ML methods in asset pricing.,,Background survey. [verify pages],,,,"Crossref match (title, author, year, journal)"
GLX2021,"Giglio, S.; Liao, Y.; Xiu, D.",2021,Thousands of Alpha Tests,Review of Financial Studies 34(7):3456-3496,T1 General Finance,Replication & multiple testing,3,False,10.1093/rfs/hhaa111,,,,,,,,,,,,,,,,FDR control for thousands of alpha tests with omitted factors.,,Multiple-testing correction for signal-level claims.,,,,"Crossref match (title, author, year, journal)"
HXZ2015,"Hou, K.; Xue, C.; Zhang, L.",2015,Digesting Anomalies: An Investment Approach,Review of Financial Studies 28(3):650-705,T1 General Finance,Data & measurement,3,False,10.1093/rfs/hhu068,,,,,,,,,,,,,,,,q-factor model.,,Alpha benchmark.,,,,"Crossref match (title, author, year, journal)"
JJNH1991,"Jacobs, R.A.; Jordan, M.I.; Nowlan, S.J.; Hinton, G.E.",1991,Adaptive Mixtures of Local Experts,Neural Computation 3(1):79-87,ML venue,ML methods,3,False,10.1162/neco.1991.3.1.79,,,,,,,,,,,,,,,,Mixture-of-experts with gating network.,,Regime-gated combination architecture.,,,,"Crossref match (title, author, year, journal)"
JK1981,"Jobson, J.D.; Korkie, B.M.",1981,Performance Hypothesis Testing with the Sharpe and Treynor Measures,Journal of Finance 36(4):889-908,T1 General Finance,Statistical inference,3,False,10.1111/j.1540-6261.1981.tb04891.x,,,,,,,,,,,,,,,,Asymptotic test for Sharpe-ratio equality (later corrected by Memmel 2003).,,Classical Sharpe test.,,,,"Crossref match (title, author, year, journal)"
JM2003,"Jagannathan, R.; Ma, T.",2003,Risk Reduction in Large Portfolios: Why Imposing the Wrong Constraints Helps,Journal of Finance 58(4):1651-1683,T1 General Finance,Portfolio construction,3,False,10.1111/1540-6261.00580,,,,,,,,,,,,,,,,No-short-sale constraints act like covariance shrinkage.,,Constraints as regularisation.,,,,"Crossref match (title, author, year, journal)"
KE2017,"Ke, G.; et al.",2017,LightGBM: A Highly Efficient Gradient Boosting Decision Tree,Advances in Neural Information Processing Systems 30,ML venue,ML methods,3,False,,,,,,,,,,,,,,,,,Histogram-based efficient GBDT.,,Primary GBDT implementation.,,,,Conference/ML venue (not in Crossref or not matched)
KKMX2025,"Kelly, B.; Kuznetsov, B.; Malamud, S.; Xu, T.A.",2025,Artificial Intelligence Asset Pricing Models,Working paper (NBER w33351),WP,ML asset pricing,3,False,,,,,,,,,,,,,,,,,Transformer embedded in the SDF shares information across assets; large pricing-error reductions versus prior ML models.,,Attention-based cross-asset combination; implementability untested [inference].,,,,Working paper (journal DOI not available/verified)
KMP2023,"Kelly, B.; Malamud, S.; Pedersen, L.H.",2023,Principal Portfolios,Journal of Finance 78(1):347-387,T1 General Finance,ML asset pricing,3,False,10.1111/jofi.13199,,,,,,,,,,,,,,,,"When all signals predict all returns, optimal strategies are eigenvectors of the prediction matrix; principal portfolios earn out-of-sample alphas.",,Cross-asset signal interactions.,,,,DOI from publisher page/search; Crossref-confirmed
KNNV2024,"Kagkadis, A.; Nolte, I.; Nolte, S.; Vasilas, N.",2024,Factor Timing with Portfolio Characteristics,Review of Asset Pricing Studies 14(1):84-118,T1b Finance/OR,Factor timing & regimes,3,False,10.1093/rapstu/raad010,,,,,,,,,,,,,,,,Timing factor returns with their portfolios' characteristics outperforms existing timing methods.,,Timing-predictor candidate.,,,,"Crossref match (title, author, year, journal)"
KO2012,"Kirby, C.; Ostdiek, B.",2012,It's All in the Timing: Simple Active Portfolio Strategies that Outperform Naive Diversification,Journal of Financial and Quantitative Analysis 47(2):437-467,T1b Finance/OR,Portfolio construction,3,False,10.1017/s0022109012000117,,,,,,,,,,,,,,,,"Volatility-timing and reward-to-risk timing beat 1/N with low turnover, net of costs.",,Low-turnover timing benchmark.,,,,"Crossref match (title, author, year, journal)"
KPS2019,"Kelly, B.; Pruitt, S.; Su, Y.",2019,Characteristics Are Covariances: A Unified Model of Risk and Return,Journal of Financial Economics 134(3):501-524,T1 General Finance,ML asset pricing,3,False,10.1016/j.jfineco.2019.05.001,,,,,,,,,,,,,,,,IPCA: characteristics instrument time-varying loadings; separates risk compensation from an anomaly intercept.,,Risk-based benchmark and risk-model candidate.,,,,DOI from publisher page/search; Crossref-confirmed
KS2004,"Korajczyk, R.A.; Sadka, R.",2004,Are Momentum Profits Robust to Trading Costs?,Journal of Finance 59(3):1039-1082,T1 General Finance,TC & implementability,3,False,10.1111/j.1540-6261.2004.00656.x,,,,,,,,,,,,,,,,Price-impact-based capacity estimates for momentum; liquidity-weighted strategies have higher capacity.,,Capacity methodology.,,,,"Crossref match (title, author, year, journal)"
KYO2016,"Kyle, A.S.; Obizhaeva, A.A.",2016,Market Microstructure Invariance: Empirical Hypotheses,Econometrica 84(4):1345-1404,Econometrics general,TC & implementability,3,False,10.3982/ecta10486,,,,,,,,,,,,,,,,Invariance hypotheses imply scaling laws for bet sizes and transaction costs.,,Market-impact functional form.,,,,"Crossref match (title, author, year, journal)"
KZ2007,"Kan, R.; Zhou, G.",2007,Optimal Portfolio Choice with Parameter Uncertainty,Journal of Financial and Quantitative Analysis 42(3):621-656,T1b Finance/OR,Portfolio construction,3,False,10.1017/s0022109000004129,,,,,,,,,,,,,,,,Combining tangency and minimum-variance portfolios reduces estimation-risk losses.,,Estimation-risk-aware baseline.,,,,"Crossref match (title, author, year, journal)"
LDP2016,"Lopez de Prado, M.",2016,Building Diversified Portfolios that Outperform Out of Sample,Journal of Portfolio Management 42(4):59-69,T3 Practitioner,Portfolio construction,3,False,10.3905/jpm.2016.42.4.059,,,,,,,,,,,,,,,,Hierarchical Risk Parity avoids covariance inversion instability.,,Hierarchical benchmark.,,,,DOI from publisher page/search; Crossref-confirmed
LLG2025,"Chen, Z.; Kelly, B.; Malamud, S.",2025,Limits To (Machine) Learning,Working paper (arXiv 2512.12735),WP,ML asset pricing,3,False,,,,,,,,,,,,,,,,,"Defines a limits-to-learning gap: a lower bound on the discrepancy between empirical fit and the population benchmark, implying standard ML understates true predictability.",,Cited when interpreting small R2 and IC values.,,,,Working paper (journal DOI not available/verified)
LLMSS2021,"Leung, E.; Lohre, H.; Mischlich, D.; Shea, Y.; Stroh, M.",2021,The Promises and Pitfalls of Machine Learning for Predicting Stock Returns,Journal of Financial Data Science 3(2):21-50,T3 Practitioner,ML strategies & implementability,3,False,10.3905/jfds.2021.1.062,,,,,,,,,,,,,,,,Compares GBM with OLS on large/mid-cap regional universes; quantifies where ML adds value and its pitfalls.,,Large-cap evidence on ML value.,,,,"Crossref match (title, author, year, journal)"
LMR2017,"Light, N.; Maslov, D.; Rytchkov, O.",2017,Aggregation of Information About the Cross Section of Stock Returns: A Latent Variable Approach,Review of Financial Studies 30(4):1339-1381,T1 General Finance,ML asset pricing,3,False,10.1093/rfs/hhw102,,,,,,,,,,,,,,,,Latent-variable (PLS-type) aggregation of many characteristics into expected-return estimates.,,Linear aggregation benchmark.,,,,"Crossref match (title, author, year, journal)"
LS2008,"Lee, J.-H.; Stefek, D.",2008,Do Risk Factors Eat Alphas?,Journal of Portfolio Management 34(4):12-25,T3 Practitioner,Portfolio construction,3,False,10.3905/jpm.2008.709976,,,,,,,,,,,,,,,,Discrepancies between risk and alpha factors create unintended exposures; alignment can help even at the expense of risk forecasts.,,Alignment diagnostics.,,,,"Crossref match (title, author, year, journal)"
LW2004,"Ledoit, O.; Wolf, M.",2004,"Honey, I Shrunk the Sample Covariance Matrix",Journal of Portfolio Management 30(4):110-119,T3 Practitioner,Portfolio construction,3,False,10.3905/jpm.2004.110,,,,,,,,,,,,,,,,Linear shrinkage toward constant correlation.,,Covariance robustness check.,,,,"Crossref match (title, author, year, journal)"
LWZ2022,"Leippold, M.; Wang, Q.; Zhou, W.",2022,Machine Learning in the Chinese Stock Market,Journal of Financial Economics 145(2):64-82,T1 General Finance,ML asset pricing,3,False,10.1016/j.jfineco.2021.08.017,,,,,,,,,,,,,,,,Liquidity is the most important predictor in China; retail presence drives short-term predictability; ML performance economically significant after costs.,,Market-structure dependence of ML signals.,,,,DOI from publisher page/search; Crossref-confirmed
MARK1952,"Markowitz, H.",1952,Portfolio Selection,Journal of Finance 7(1):77-91,T1 General Finance,Portfolio construction,3,False,10.1111/j.1540-6261.1952.tb01525.x,,,,,,,,,,,,,,,,Mean-variance portfolio theory.,,Optimizer foundation.,,,,Publisher record (manual)
MICH1989,"Michaud, R.O.",1989,The Markowitz Optimization Enigma: Is 'Optimized' Optimal?,Financial Analysts Journal 1989(4):43-54,T3 Practitioner,Portfolio construction,3,False,10.2469/cp.v1989.n4.6,,,,,,,,,,,,,,,,Mean-variance optimisers act as estimation-error maximisers.,,Error-maximisation argument.,,,,"Crossref match (title, author, year, journal)"
MM2017,"Moreira, A.; Muir, T.",2017,Volatility-Managed Portfolios,Journal of Finance 72(4):1611-1644,T1 General Finance,Factor timing & regimes,3,False,10.1111/jofi.12513,,,,,,,,,,,,,,,,Scaling factors by inverse variance increases Sharpe ratios and alphas.,,Conditioning benchmark.,,,,"Crossref match (title, author, year, journal)"
NAG2021,"Nagel, S.",2021,Machine Learning in Asset Pricing,Princeton University Press (book),Book,ML asset pricing,3,False,,,,,,,,,,,,,,,,,Monograph on ML methods in asset pricing and their economic restrictions.,,Background monograph.,,,,Book (no DOI recorded)
NML2018,"Nystrup, P.; Madsen, H.; Lindstrom, E.",2018,Dynamic Portfolio Optimization across Hidden Market Regimes,Quantitative Finance 18(1):83-95,T2 Quant/Field,Factor timing & regimes,3,False,10.1080/14697688.2017.1342857,,,,,,,,,,,,,,,,HMM regime inference combined with model predictive control improves dynamic allocation.,,Regime + MPC template. [verify details],,,,"Crossref match (title, author, year, journal)"
NMV2019,"Novy-Marx, R.; Velikov, M.",2019,Comparing Cost-Mitigation Techniques,Financial Analysts Journal 75(1):85-102,T3 Practitioner,TC & implementability,3,False,10.1080/0015198x.2018.1547057,,,,,,,,,,,,,,,,"Compares banding, staggering, and other cost-mitigation methods.",,Heuristic mitigation benchmarks.,,,,"Crossref match (title, author, year, journal)"
PS2003,"Pastor, L.; Stambaugh, R.F.",2003,Liquidity Risk and Expected Stock Returns,Journal of Political Economy 111(3):642-685,T1 General Finance,Data & measurement,3,False,10.1086/374184,,,,,,,,,,,,,,,,Aggregate liquidity measure and liquidity risk premium.,,State variable (market liquidity).,,,,Crossref match (online/issue year differs)
PW2020,"Patton, A.J.; Weller, B.M.",2020,What You See Is Not What You Get: The Costs of Trading Market Anomalies,Journal of Financial Economics 137(2):515-549,T1 General Finance,TC & implementability,3,False,10.1016/j.jfineco.2020.02.012,,,,,,,,,,,,,,,,Infers implementation costs of anomalies from real-world fund returns relative to paper portfolios [verify magnitudes].,,Cost-calibration cross-check.,,,,"Crossref match (title, author, year, journal)"
RR2007,"Rahimi, A.; Recht, B.",2007,Random Features for Large-Scale Kernel Machines,Advances in Neural Information Processing Systems 20,ML venue,ML methods,3,False,,,,,,,,,,,,,,,,,Random Fourier features approximate shift-invariant kernels with an explicit finite-dimensional map.,,The feature map underlying our complexity ladder and the virtue-of-complexity literature.,,,,Conference/ML venue (not in Crossref or not matched)
SERT2025,"Lai, S.",2025,Asset Pricing in Pre-trained Transformer,Working paper (arXiv 2505.01575),WP,ML asset pricing,3,False,,,,,,,,,,,,,,,,,"Transformer variants for US large-cap pricing across pre-pandemic, pandemic and post-pandemic periods; reports high out-of-sample R2 during turbulent markets.",,Context for our cross-sectional attention rung (level A4); look-ahead handling is not documented in the abstract [verify].,,,,Working paper (journal DOI not available/verified)
SYM2025,"Shu, Y.; Yu, C.; Mulvey, J.M.",2025,Dynamic Asset Allocation with Asset-Specific Regime Forecasts,Annals of Operations Research 346(1):285-318,T2 Quant/Field,Factor timing & regimes,3,False,10.1007/s10479-024-06266-0,,,,,,,,,,,,,,,,Statistical jump models label regimes; gradient-boosted classifiers forecast them; forecasts feed mean-variance allocation.,,Regime-forecast module template.,,,,"Crossref match (title, author, year, journal)"
ULM2024,"Uysal, A.S.; Li, X.; Mulvey, J.M.",2024,End-to-End Risk Budgeting Portfolio Optimization with Neural Networks,Annals of Operations Research 339(1-2):397-426,T2 Quant/Field,End-to-end / decision-focused,3,False,10.1007/s10479-023-05539-4,,,,,,,,,,,,,,,,Model-based network with risk-budgeting implicit layer; ETF out-of-sample 2017-2021 Sharpe 1.16 vs 0.83 for pure risk budgeting.,,Small-universe end-to-end evidence.,,,,DOI from publisher page/search; Crossref-confirmed
WG2008,"Welch, I.; Goyal, A.",2008,A Comprehensive Look at the Empirical Performance of Equity Premium Prediction,Review of Financial Studies 21(4):1455-1508,T1 General Finance,Factor timing & regimes,3,False,10.1093/rfs/hhm014,,,,,,,,,,,,,,,,Most predictors fail out of sample versus the historical mean.,,State-variable source; OOS discipline.,,,,"Crossref match (title, author, year, journal)"
AB2002,"Ang, A.; Bekaert, G.",2002,International Asset Allocation with Regime Shifts,Review of Financial Studies 15(4):1137-1187,T1 General Finance,Factor timing & regimes,2,False,10.1093/rfs/15.4.1137,,,,,,,,,,,,,,,,Regime-switching correlations and volatilities matter for international allocation.,,Regime-model foundation.,,,,"Crossref match (title, author, year, journal)"
AHXZ2006,"Ang, A.; Hodrick, R.J.; Xing, Y.; Zhang, X.",2006,The Cross-Section of Volatility and Expected Returns,Journal of Finance 61(1):259-299,T1 General Finance,Data & measurement,2,False,10.1111/j.1540-6261.2006.00836.x,,,,,,,,,,,,,,,,High idiosyncratic volatility stocks earn low returns.,,Signal library member; cited by BlackRock AIM.,,,,"Crossref match (title, author, year, journal)"
AMP2013,"Asness, C.S.; Moskowitz, T.J.; Pedersen, L.H.",2013,Value and Momentum Everywhere,Journal of Finance 68(3):929-985,T1 General Finance,Data & measurement,2,False,10.1111/jofi.12021,,,,,,,,,,,,,,,,"Value and momentum premia across asset classes, negatively correlated with each other.",,Motivates value-momentum combination.,,,,"Crossref match (title, author, year, journal)"
BAMS2014,"Bae, G.I.; Kim, W.C.; Mulvey, J.M.",2014,Dynamic Asset Allocation for Varied Financial Markets under Regime Switching Framework,European Journal of Operational Research 234(2):450-458,T2 Quant/Field,Factor timing & regimes,2,False,10.1016/j.ejor.2013.03.032,,,,,,,,,,,,,,,,Regime-switching framework for dynamic asset allocation.,,OR regime reference. [verify],,,,"Crossref match (title, author, year, journal)"
BBCGT2023,"Bali, T.G.; Beckmeyer, H.; Moerke, M.; Weigert, F.",2023,Option Return Predictability with Machine Learning and Big Data,Review of Financial Studies 36(9):3548-3602,T1 General Finance,ML asset pricing,2,False,10.1093/rfs/hhad017,,,,,,,,,,,,,,,,ML predicts delta-hedged option returns using many stock and option characteristics.,,Cross-asset generality; option-based signals.,,,,"Crossref match (title, author, year, journal)"
BBT2021,"Bianchi, D.; Buchner, M.; Tamoni, A.",2021,Bond Risk Premiums with Machine Learning,Review of Financial Studies 34(2):1046-1089,T1 General Finance,ML asset pricing,2,False,10.1093/rfs/hhaa062,,,,,,,,,,,,,,,,ML (especially neural nets) predicts bond excess returns out of sample.,,Cross-asset generality.,,,,"Crossref match (title, author, year, journal)"
CAR1997,"Carhart, M.M.",1997,On Persistence in Mutual Fund Performance,Journal of Finance 52(1):57-82,T1 General Finance,Data & measurement,2,False,10.1111/j.1540-6261.1997.tb03808.x,,,,,,,,,,,,,,,,Adds momentum factor to three-factor model.,,Alpha benchmark (UMD).,,,,"Crossref match (title, author, year, journal)"
CC2008,"Choueifaty, Y.; Coignard, Y.",2008,Toward Maximum Diversification,Journal of Portfolio Management 35(1):40-51,T3 Practitioner,Portfolio construction,2,False,10.3905/jpm.2008.35.1.40,,,,,,,,,,,,,,,,Maximum diversification portfolio.,,Diversification benchmark.,,,,"Crossref match (title, author, year, journal)"
CCY2019,"Chinco, A.; Clark-Joseph, A.D.; Ye, M.",2019,Sparse Signals in the Cross-Section of Returns,Journal of Finance 74(1):449-492,T1 General Finance,ML asset pricing,2,False,10.1111/jofi.12733,,,,,,,,,,,,,,,,"LASSO at high frequency finds sparse, short-lived, unexpected predictors across stocks.",,Fast-decaying signals are costly to trade [inference].,,,,"Crossref match (title, author, year, journal)"
CF2008,"Cohen, L.; Frazzini, A.",2008,Economic Links and Predictable Returns,Journal of Finance 63(4):1977-2011,T1 General Finance,Data & measurement,2,False,10.1111/j.1540-6261.2008.01379.x,,,,,,,,,,,,,,,,Customer returns predict supplier returns (limited attention).,,Graph/supply-chain signal candidate.,,,,"Crossref match (title, author, year, journal)"
CHEN2021,"Chen, A.Y.",2021,The Limits of p-Hacking: Some Thought Experiments,Journal of Finance 76(5):2447-2480,T1 General Finance,Replication & multiple testing,2,False,,,,,,,,,,,,,,,,,p-hacking cannot plausibly explain the volume of significant anomaly t-statistics.,,Balances HLZ2016 pessimism.,,,,No DOI verified
CT2008,"Campbell, J.Y.; Thompson, S.B.",2008,Predicting Excess Stock Returns Out of Sample: Can Anything Beat the Historical Average?,Review of Financial Studies 21(4):1509-1531,T1 General Finance,Factor timing & regimes,2,False,10.1093/rfs/hhm055,,,,,,,,,,,,,,,,Weak restrictions on forecasts restore small but economically meaningful OOS predictability.,,Economic restrictions on forecasts.,,,,"Crossref match (title, author, year, journal)"
DA2023,"Zhao, L.; Kong, S.; Shen, Y.",2023,DoubleAdapt: A Meta-learning Approach to Incremental Learning for Stock Trend Forecasting,Proceedings of ACM SIGKDD 2023,ML venue,ML asset pricing,2,False,10.1145/3580305.3599315,,,,,,,,,,,,,,,,Meta-learning data and model adapters for incremental learning under distribution shift in stock forecasting.,,ML-venue adaptive baseline; costs not central [inference]. [verify author list],,,,"Crossref match (title, author, year, journal)"
DLRZ2022,"Dong, X.; Li, Y.; Rapach, D.E.; Zhou, G.",2022,Anomalies and the Expected Market Return,Journal of Finance 77(1):639-681,T1 General Finance,Factor timing & regimes,2,False,10.1111/jofi.13099,,,,,,,,,,,,,,,,100 anomaly portfolio returns jointly predict the market return out of sample via shrinkage.,,Link between anomalies and aggregate state.,,,,DOI from publisher page/search; Crossref-confirmed
DY2010,"Delage, E.; Ye, Y.",2010,Distributionally Robust Optimization under Moment Uncertainty with Application to Data-Driven Problems,Operations Research 58(3):595-612,T1b Finance/OR,Portfolio construction,2,False,10.1287/opre.1090.0741,,,,,,,,,,,,,,,,DRO with moment-based ambiguity sets.,,DRO foundation.,,,,"Crossref match (title, author, year, journal)"
FAL2017,"Finn, C.; Abbeel, P.; Levine, S.",2017,Model-Agnostic Meta-Learning for Fast Adaptation of Deep Networks,Proceedings of ICML 2017 (PMLR 70),ML venue,ML methods,2,False,,,,,,,,,,,,,,,,,MAML meta-learning.,,Adaptive-learning option.,,,,Conference/ML venue (not in Crossref or not matched)
FK2018,"Fischer, T.; Krauss, C.",2018,Deep Learning with Long Short-Term Memory Networks for Financial Market Predictions,European Journal of Operational Research 270(2):654-669,T2 Quant/Field,ML strategies & implementability,2,False,10.1016/j.ejor.2017.11.054,,,,,,,,,,,,,,,,LSTM for S&P 500 constituent direction prediction outperforms memory-free methods; profitability declines in recent years [verify magnitude].,,Daily stat-arb evidence.,,,,DOI from publisher page/search; Crossref-confirmed
FP2014,"Frazzini, A.; Pedersen, L.H.",2014,Betting Against Beta,Journal of Financial Economics 111(1):1-25,T1 General Finance,Data & measurement,2,False,10.1016/j.jfineco.2013.10.005,,,,,,,,,,,,,,,,Leverage-constrained investors bid up high-beta assets; BAB factor.,,Signal library member.,,,,"Crossref match (title, author, year, journal)"
GT2007,"Guidolin, M.; Timmermann, A.",2007,Asset Allocation under Multivariate Regime Switching,Journal of Economic Dynamics and Control 31(11):3503-3544,T2 Quant/Field,Factor timing & regimes,2,False,10.1016/j.jedc.2006.12.004,,,,,,,,,,,,,,,,Four-state regime model changes optimal allocations materially.,,Regime allocation baseline.,,,,"Crossref match (title, author, year, journal)"
HAM1989,"Hamilton, J.D.",1989,A New Approach to the Economic Analysis of Nonstationary Time Series and the Business Cycle,Econometrica 57(2):357-384,Econometrics general,Factor timing & regimes,2,False,10.2307/1912559,,,,,,,,,,,,,,,,Markov-switching model.,,Regime-detection baseline.,,,,"Crossref match (title, author, year, journal)"
HJTZ2015,"Huang, D.; Jiang, F.; Tu, J.; Zhou, G.",2015,Investor Sentiment Aligned: A Powerful Predictor of Stock Returns,Review of Financial Studies 28(3):791-837,T1 General Finance,Factor timing & regimes,2,False,10.1093/rfs/hhu080,,,,,,,,,,,,,,,,PLS-aligned sentiment index improves market-return prediction.,,State variable alternative.,,,,"Crossref match (title, author, year, journal)"
HK2023,"Hanauer, M.X.; Kalsbach, T.",2023,Machine Learning and the Cross-Section of Emerging Market Stock Returns,Emerging Markets Review 55:101022,T2 Quant/Field,ML asset pricing,2,False,10.1016/j.ememar.2023.101022,,,,,,,,,,,,,,,,ML return prediction in emerging markets. [verify volume and details],,International robustness.,,,,"Crossref match (title, author, year, journal)"
HS1997,"Hochreiter, S.; Schmidhuber, J.",1997,Long Short-Term Memory,Neural Computation 9(8):1735-1780,ML venue,ML methods,2,False,10.1162/neco.1997.9.8.1735,,,,,,,,,,,,,,,,LSTM.,,Recurrent baseline.,,,,"Crossref match (title, author, year, journal)"
HTF2009,"Hastie, T.; Tibshirani, R.; Friedman, J.",2009,The Elements of Statistical Learning (2nd ed.),Springer (book),Book,ML methods,2,False,,,,,,,,,,,,,,,,,Statistical learning reference.,,Methods reference.,,,,Book (no DOI recorded)
JKX2023,"Jiang, J.; Kelly, B.; Xiu, D.",2023,(Re-)Imag(in)ing Price Trends,Journal of Finance 78(6):3193-3249,T1 General Finance,ML asset pricing,2,False,10.1111/jofi.13268,,,,,,,,,,,,,,,,CNNs on stock price-chart images extract predictive price patterns.,,"Example of new-signal generation, not combination.",,,,DOI from publisher page/search; Crossref-confirmed
KDH2017,"Krauss, C.; Do, X.A.; Huck, N.",2017,"Deep Neural Networks, Gradient-Boosted Trees, Random Forests: Statistical Arbitrage on the S&P 500",European Journal of Operational Research 259(2):689-702,T2 Quant/Field,ML strategies & implementability,2,False,10.1016/j.ejor.2016.10.031,,,,,,,,,,,,,,,,"Ensemble of DNN, GBT and RF for daily S&P 500 stat-arb; returns decline over time and after costs [verify].",,Ensemble evidence.,,,,DOI from publisher page/search; Crossref-confirmed
KMP2021,"Kelly, B.; Moskowitz, T.J.; Pruitt, S.",2021,Understanding Momentum and Reversal,Journal of Financial Economics 140(3):726-743,T1 General Finance,ML asset pricing,2,False,10.1016/j.jfineco.2020.06.024,,,,,,,,,,,,,,,,Conditional (IPCA) risk explains momentum and reversal via time-varying exposures.,,Interpretation of momentum-type signals.,,,,"Crossref match (title, author, year, journal)"
KNS2018,"Kozak, S.; Nagel, S.; Santosh, S.",2018,Interpreting Factor Models,Journal of Finance 73(3):1183-1223,T1 General Finance,ML asset pricing,2,False,10.1111/jofi.12612,,,,,,,,,,,,,,,,Absence of near-arbitrage implies SDF well summarised by a few high-variance PCs; factor models do not discriminate between behavioural and rational stories.,,Interpretation discipline.,,,,"Crossref match (title, author, year, journal)"
KP2015,"Kelly, B.; Pruitt, S.",2015,The Three-Pass Regression Filter: A New Approach to Forecasting Using Many Predictors,Journal of Econometrics 186(2):294-316,T2 Quant/Field,ML asset pricing,2,False,10.1016/j.jeconom.2015.02.011,,,,,,,,,,,,,,,,3PRF (PLS generalisation) for forecasting with many predictors.,,State-variable aggregation method.,,,,"Crossref match (title, author, year, journal)"
KPT2012,"Kritzman, M.; Page, S.; Turkington, D.",2012,Regime Shifts: Implications for Dynamic Strategies,Financial Analysts Journal 68(3):22-39,T3 Practitioner,Factor timing & regimes,2,False,10.2469/faj.v68.n3.3,,,,,,,,,,,,,,,,"Markov-switching regimes for turbulence, inflation and growth guide tactical allocation.",,Practitioner regime framing.,,,,"Crossref match (title, author, year, journal)"
LLT2023,"Lopez-Lira, A.; Tang, Y.",2023,Can ChatGPT Forecast Stock Price Movements? Return Predictability and Large Language Models,Working paper (arXiv 2304.07619; SSRN 4412788); reported forthcoming in JFE [verify],WP,ML asset pricing,2,False,,,,,,,,,,,,,,,,,"LLM news scores predict next-day returns and drift, especially small stocks and negative news; returns decline as LLM adoption rises.",,Text-signal candidate; fast decay implies high costs [inference].,,,,Working paper (journal DOI not available/verified)
LP2020,"Lettau, M.; Pelger, M.",2020,Factors That Fit the Time Series and Cross-Section of Stock Returns,Review of Financial Studies 33(5):2274-2325,T1 General Finance,ML asset pricing,2,False,10.1093/rfs/hhaa020,,,,,,,,,,,,,,,,RP-PCA estimates factors that price the cross-section by penalising pricing errors.,,Dimension-reduction benchmark for signals.,,,,"Crossref match (title, author, year, journal)"
LSZ2004,"Lesmond, D.A.; Schill, M.J.; Zhou, C.",2004,The Illusory Nature of Momentum Profits,Journal of Financial Economics 71(2):349-380,T1 General Finance,TC & implementability,2,False,10.1016/s0304-405x(03)00206-x,,,,,,,,,,,,,,,,Momentum concentrated in high-cost stocks; profits illusory after costs.,,Cost pessimism reference.,,,,"Crossref match (title, author, year, journal)"
LT2020,"Lochstoer, L.A.; Tetlock, P.C.",2020,What Drives Anomaly Returns?,Journal of Finance 75(3):1417-1455,T1 General Finance,Factor timing & regimes,2,False,10.1111/jofi.12876,,,,,,,,,,,,,,,,Decomposes anomaly returns into cash-flow and discount-rate news.,,Economic interpretation.,,,,"Crossref match (title, author, year, journal)"
LZR2019,"Lim, B.; Zohren, S.; Roberts, S.",2019,Enhancing Time-Series Momentum Strategies Using Deep Neural Networks,Journal of Financial Data Science 1(4):19-38,T3 Practitioner,End-to-end / decision-focused,2,False,10.3905/jfds.2019.1.015,,,,,,,,,,,,,,,,Deep momentum networks trained on Sharpe loss with turnover regularisation.,,Sharpe-loss training with turnover penalty.,,,,DOI from publisher page/search; Crossref-confirmed
MRT2010,"Maillard, S.; Roncalli, T.; Teiletche, J.",2010,The Properties of Equally Weighted Risk Contribution Portfolios,Journal of Portfolio Management 36(4):60-70,T3 Practitioner,Portfolio construction,2,False,10.3905/jpm.2010.36.4.060,,,,,,,,,,,,,,,,Equal-risk-contribution portfolios lie between minimum variance and 1/N.,,Risk-parity benchmark.,,,,"Crossref match (title, author, year, journal)"
MS2001,"Moody, J.; Saffell, M.",2001,Learning to Trade via Direct Reinforcement,IEEE Transactions on Neural Networks 12(4):875-889,ML venue,End-to-end / decision-focused,2,False,10.1109/72.935097,,,,,,,,,,,,,,,,Recurrent reinforcement learning optimises differential Sharpe ratio with costs.,,Historical RL foundation.,,,,DOI from publisher page/search; Crossref-confirmed
RU2000,"Rockafellar, R.T.; Uryasev, S.",2000,Optimization of Conditional Value-at-Risk,Journal of Risk 2(3):21-41,T2 Quant/Field,Portfolio construction,2,False,10.21314/jor.2000.038,,,,,,,,,,,,,,,,Linear-programming formulation for CVaR optimisation.,,Tail-risk optimiser variant.,,,,"Crossref match (title, author, year, journal)"
SY2017,"Stambaugh, R.F.; Yuan, Y.",2017,Mispricing Factors,Review of Financial Studies 30(4):1270-1315,T1 General Finance,Data & measurement,2,False,10.1093/rfs/hhw107,,,,,,,,,,,,,,,,Two mispricing factors built from 11 anomalies.,,Alpha benchmark.,,,,"Crossref match (title, author, year, journal)"
TIB1996,"Tibshirani, R.",1996,Regression Shrinkage and Selection via the Lasso,Journal of the Royal Statistical Society Series B 58(1):267-288,Econometrics general,ML methods,2,False,10.1111/j.2517-6161.1996.tb02080.x,,,,,,,,,,,,,,,,LASSO.,,Linear sparse baseline.,,,,"Crossref match (title, author, year, journal)"
VAS2017,"Vaswani, A.; et al.",2017,Attention Is All You Need,Advances in Neural Information Processing Systems 30,ML venue,ML methods,2,False,,,,,,,,,,,,,,,,,Transformer architecture.,,Attention models.,,,,Conference/ML venue (not in Crossref or not matched)
VBHL2023,"van Binsbergen, J.H.; Han, X.; Lopez-Lira, A.",2023,Man versus Machine Learning: The Term Structure of Earnings Expectations and Conditional Biases,Review of Financial Studies 36(6):2361-2396,T1 General Finance,ML asset pricing,2,False,10.1093/rfs/hhac085,,,,,,,,,,,,,,,,Random-forest earnings forecasts reveal conditional analyst biases that predict returns.,,ML-generated signal example.,,,,"Crossref match (title, author, year, journal)"
WGRZ2022,"Wood, K.; Giegerich, S.; Roberts, S.; Zohren, S.",2022,Trading with the Momentum Transformer: An Intelligent and Interpretable Architecture,arXiv 2112.08534 [verify journal version],WP,End-to-end / decision-focused,2,False,,,,,,,,,,,,,,,,,Attention-based architecture for time-series momentum with interpretable attention patterns and regime adaptation.,,Attention interpretability example.,,,,Working paper (journal DOI not available/verified)
ZH2005,"Zou, H.; Hastie, T.",2005,Regularization and Variable Selection via the Elastic Net,Journal of the Royal Statistical Society Series B 67(2):301-320,Econometrics general,ML methods,2,False,10.1111/j.1467-9868.2005.00503.x,,,,,,,,,,,,,,,,Elastic net.,,Linear baseline.,,,,"Crossref match (title, author, year, journal)"
ZZR2020,"Zhang, Z.; Zohren, S.; Roberts, S.",2020,Deep Learning for Portfolio Optimization,Journal of Financial Data Science 2(4):8-20,T3 Practitioner,End-to-end / decision-focused,2,False,10.3905/jfds.2020.1.042,,,,,,,,,,,,,,,,LSTM directly maximises portfolio Sharpe on market-index ETFs; best performance 2011-April 2020.,,Small-universe direct optimisation.,,,,"Crossref match (title, author, year, journal)"
KMN2023,"Kaniel, R.; Lin, Z.; Pelger, M.; Van Nieuwerburgh, S.",2023,Machine-Learning the Skill of Mutual Fund Managers,Journal of Financial Economics 150(1):94-138,T1 General Finance,ML asset pricing,1,False,10.1016/j.jfineco.2023.07.004,,,,,,,,,,,,,,,,"Neural nets identify fund outperformance; fund momentum and flows matter, interacting with sentiment.",,ML interpretability example.,,,,"Crossref match (title, author, year, journal)"
OP2022,"Obaid, K.; Pukthuanthong, K.",2022,A Picture Is Worth a Thousand Words: Measuring Investor Sentiment by Combining Machine Learning and Photos from News,Journal of Financial Economics 144(1):273-297,T1 General Finance,ML asset pricing,1,False,10.1016/j.jfineco.2021.06.002,,,,,,,,,,,,,,,,Photo-based sentiment index predicts market returns and reversals.,,Alternative-data state variable candidate.,,,,"Crossref match (title, author, year, journal)"
